questionId,title,titleSlug,isPaidOnly,difficulty,likes,dislikes,categoryTitle,acRate,frontendQuestionId,paidOnly,topicTags,hasSolution,hasVideoSolution,acRateRaw,totalAccepted,totalSubmission
1,"Two Sum",two-sum,false,Easy,70570,2634,Algorithms,58.0%,1,false,Array;Hash Table;,true,true,57.97198390887432,23685410,40856670
2,"Add Two Numbers",add-two-numbers,false,Medium,37636,7351,Algorithms,49.5%,2,false,Linked List;Math;Recursion;,true,true,49.4665436775435,7603770,15371543
3,"Longest Substring Without Repeating Characters",longest-substring-without-repeating-characters,false,Medium,45891,2250,Algorithms,39.9%,3,false,Hash Table;String;Sliding Window;,true,true,39.938974668579405,10383469,25998353
4,"Median of Two Sorted Arrays",median-of-two-sorted-arrays,false,Hard,32832,3632,Algorithms,47.8%,4,false,Array;Binary Search;Divide and Conquer;,true,true,47.752095905594274,4653328,9744771
5,"Longest Palindromic Substring",longest-palindromic-substring,false,Medium,33266,2042,Algorithms,38.8%,5,false,Two Pointers;String;Dynamic Programming;Manacher;,true,true,38.78817302260638,5143635,13260860
6,"Zigzag Conversion",zigzag-conversion,false,Medium,9600,16062,Algorithms,55.3%,6,false,String;,true,true,55.272042768760265,2414199,4367848
7,"Reverse Integer",reverse-integer,false,Medium,15936,14052,Algorithms,32.6%,7,false,Math;,true,true,32.616902089730274,5417390,16609156
8,"String to Integer (atoi)",string-to-integer-atoi,false,Medium,6516,15891,Algorithms,21.9%,8,false,String;,true,false,21.854113190742545,2661808,12179920
9,"Palindrome Number",palindrome-number,false,Easy,16426,2958,Algorithms,61.0%,9,false,Math;,true,true,61.004204903865975,8900201,14589508
10,"Regular Expression Matching",regular-expression-matching,false,Hard,13547,2422,Algorithms,31.9%,10,false,String;Dynamic Programming;Recursion;,true,false,31.904360459902065,1511895,4738836
11,"Container With Most Water",container-with-most-water,false,Medium,35141,2268,Algorithms,61.0%,11,false,Array;Two Pointers;Greedy;,true,true,60.962007162452636,5966215,9786802
12,"Integer to Roman",integer-to-roman,false,Medium,8775,5742,Algorithms,71.8%,12,false,Hash Table;Math;String;,true,true,71.78521087080618,2331439,3247796
13,"Roman to Integer",roman-to-integer,false,Easy,18204,1275,Algorithms,67.3%,13,false,Hash Table;Math;String;,true,true,67.25965780411181,6320955,9397854
14,"Longest Common Prefix",longest-common-prefix,false,Easy,21982,4978,Algorithms,48.5%,14,false,Array;String;Trie;,true,true,48.471218737350256,6308053,13014024
15,"3Sum",3sum,false,Medium,36493,3333,Algorithms,40.0%,15,false,Array;Two Pointers;Sorting;,true,true,39.999126770539625,6577730,16444693
16,"3Sum Closest",3sum-closest,false,Medium,11922,639,Algorithms,47.6%,16,false,Array;Two Pointers;Sorting;,true,true,47.57072933154755,1953490,4106497
17,"Letter Combinations of a Phone Number",letter-combinations-of-a-phone-number,false,Medium,21421,1148,Algorithms,67.0%,17,false,Hash Table;String;Backtracking;,true,false,66.96065627666579,3242459,4842339
18,"4Sum",4sum,false,Medium,13199,1557,Algorithms,41.8%,18,false,Array;Two Pointers;Sorting;,true,false,41.83754792009991,1920310,4589922
19,"Remove Nth Node From End of List",remove-nth-node-from-end-of-list,false,Medium,21709,931,Algorithms,52.8%,19,false,Linked List;Two Pointers;,true,true,52.799684282768055,4567591,8650786
20,"Valid Parentheses",valid-parentheses,false,Easy,28778,2052,Algorithms,45.3%,20,false,String;Stack;Bracket Sequences;,true,true,45.26911238170304,8362373,18472580
21,"Merge Two Sorted Lists",merge-two-sorted-lists,false,Easy,25487,2474,Algorithms,69.0%,21,false,Linked List;Recursion;,true,true,68.96430191264913,6725265,9751821
22,"Generate Parentheses",generate-parentheses,false,Medium,23910,1113,Algorithms,79.7%,22,false,String;Dynamic Programming;Backtracking;Bracket Sequences;,true,true,79.66497694583451,3239929,4066943
23,"Merge k Sorted Lists",merge-k-sorted-lists,false,Hard,21630,803,Algorithms,60.7%,23,false,Linked List;Divide and Conquer;Heap (Priority Queue);Merge Sort;Tournament Sort;,true,true,60.67987473613049,3222309,5310359
24,"Swap Nodes in Pairs",swap-nodes-in-pairs,false,Medium,13419,525,Algorithms,70.4%,24,false,Linked List;Recursion;,true,false,70.36260852063612,2076598,2951280
25,"Reverse Nodes in k-Group",reverse-nodes-in-k-group,false,Hard,16040,822,Algorithms,67.4%,25,false,Linked List;Recursion;,true,false,67.40038914532595,1706378,2531703
26,"Remove Duplicates from Sorted Array",remove-duplicates-from-sorted-array,false,Easy,19899,20664,Algorithms,63.9%,26,false,Array;Two Pointers;,true,true,63.89917799051846,8631666,13508269
27,"Remove Element",remove-element,false,Easy,5499,5467,Algorithms,62.6%,27,false,Array;Two Pointers;,true,true,62.64465234665718,5709428,9113997
28,"Find the Index of the First Occurrence in a String",find-the-index-of-the-first-occurrence-in-a-string,false,Easy,7919,603,Algorithms,47.4%,28,false,Two Pointers;String;String Matching;Z Algorithm;Knuth–Morris–Pratt Algorithm;Boyer–Moore String-Search Algorithm;,true,true,47.424495528045135,4401791,9281686
29,"Divide Two Integers",divide-two-integers,false,Medium,6299,15314,Algorithms,20.4%,29,false,Math;Bit Manipulation;,true,false,20.403121435596532,1280596,6276470
30,"Substring with Concatenation of All Words",substring-with-concatenation-of-all-words,false,Hard,2787,449,Algorithms,35.4%,30,false,Hash Table;String;Sliding Window;,true,true,35.4141965383012,784945,2216471
31,"Next Permutation",next-permutation,false,Medium,21900,5159,Algorithms,46.3%,31,false,Array;Two Pointers;,true,true,46.31504062016427,2490185,5376629
32,"Longest Valid Parentheses",longest-valid-parentheses,false,Hard,13826,490,Algorithms,41.2%,32,false,String;Dynamic Programming;Stack;Bracket Sequences;,true,false,41.240838423937014,1296811,3144498
33,"Search in Rotated Sorted Array",search-in-rotated-sorted-array,false,Medium,30989,1857,Algorithms,45.7%,33,false,Array;Binary Search;,true,false,45.73558835715443,4987204,10904430
34,"Find First and Last Position of Element in Sorted Array",find-first-and-last-position-of-element-in-sorted-array,false,Medium,23848,670,Algorithms,49.8%,34,false,Array;Binary Search;,true,false,49.752015307403205,3636841,7309935
35,"Search Insert Position",search-insert-position,false,Easy,19293,923,Algorithms,52.4%,35,false,Array;Binary Search;,true,true,52.39134151295946,5218910,9961405
36,"Valid Sudoku",valid-sudoku,false,Medium,12740,1280,Algorithms,65.2%,36,false,Array;Hash Table;Matrix;,true,false,65.19479962094998,2673486,4100768
37,"Sudoku Solver",sudoku-solver,false,Hard,11364,353,Algorithms,65.5%,37,false,Array;Hash Table;Backtracking;Matrix;Algorithm X;Dancing Links;,true,false,65.5392417700698,1134379,1730840
38,"Count and Say",count-and-say,false,Medium,5242,9169,Algorithms,64.0%,38,false,String;,true,false,63.986309621551705,1515811,2368962
39,"Combination Sum",combination-sum,false,Medium,21423,550,Algorithms,77.2%,39,false,Array;Backtracking;,true,true,77.22801653871537,3422747,4432000
40,"Combination Sum II",combination-sum-ii,false,Medium,12524,397,Algorithms,60.3%,40,false,Array;Backtracking;,true,false,60.27279307522298,1871059,3104320
41,"First Missing Positive",first-missing-positive,false,Hard,18749,1993,Algorithms,43.9%,41,false,Array;Hash Table;,true,false,43.890028159898954,1909753,4351222
42,"Trapping Rain Water",trapping-rain-water,false,Hard,37230,730,Algorithms,68.3%,42,false,Array;Two Pointers;Dynamic Programming;Stack;Monotonic Stack;,true,false,68.34483702818332,3923705,5741042
43,"Multiply Strings",multiply-strings,false,Medium,7870,3715,Algorithms,44.8%,43,false,Math;String;Simulation;,true,false,44.81682582630663,1251203,2791820
44,"Wildcard Matching",wildcard-matching,false,Hard,9281,428,Algorithms,33.0%,44,false,String;Dynamic Programming;Greedy;Recursion;,true,false,32.97672249159324,958693,2907183
45,"Jump Game II",jump-game-ii,false,Medium,16848,715,Algorithms,43.6%,45,false,Array;Dynamic Programming;Greedy;,true,false,43.60729503143856,2346426,5380811
46,"Permutations",permutations,false,Medium,21186,393,Algorithms,82.4%,46,false,Array;Backtracking;,true,false,82.40059943459033,3317828,4026461
47,"Permutations II",permutations-ii,false,Medium,9294,166,Algorithms,64.3%,47,false,Array;Backtracking;Sorting;,true,false,64.31854898611007,1385465,2154071
48,"Rotate Image",rotate-image,false,Medium,20447,997,Algorithms,80.8%,48,false,Array;Math;Matrix;,true,false,80.78337939481774,3174984,3930246
49,"Group Anagrams",group-anagrams,false,Medium,22653,788,Algorithms,73.4%,49,false,Array;Hash Table;String;Sorting;,true,true,73.38162194980262,5235844,7135102
50,"Pow(x, n)",powx-n,false,Medium,12003,10657,Algorithms,39.4%,50,false,Math;Recursion;,true,false,39.36698589755677,2947874,7488171
51,"N-Queens",n-queens,false,Hard,14768,364,Algorithms,76.6%,51,false,Array;Backtracking;Algorithm X;,true,false,76.5954378302914,1428659,1865202
52,"N-Queens II",n-queens-ii,false,Hard,4364,284,Algorithms,79.4%,52,false,Backtracking;Algorithm X;,true,false,79.42913752661528,660653,831753
53,"Maximum Subarray",maximum-subarray,false,Medium,38496,1638,Algorithms,53.9%,53,false,Array;Divide and Conquer;Dynamic Programming;,true,true,53.94166155259249,6671380,12367784
54,"Spiral Matrix",spiral-matrix,false,Medium,17949,1606,Algorithms,58.0%,54,false,Array;Matrix;Simulation;,true,false,58.042066229989786,2626189,4524630
55,"Jump Game",jump-game,false,Medium,22194,1512,Algorithms,41.6%,55,false,Array;Dynamic Programming;Greedy;,true,false,41.616254476640854,3469376,8336587
56,"Merge Intervals",merge-intervals,false,Medium,25113,923,Algorithms,52.9%,56,false,Array;Sorting;Quicksort;,true,true,52.94142501616168,4385370,8283450
57,"Insert Interval",insert-interval,false,Medium,12158,932,Algorithms,46.1%,57,false,Array;,true,false,46.12812232819866,1947135,4221149
58,"Length of Last Word",length-of-last-word,false,Easy,6659,370,Algorithms,59.8%,58,false,String;,true,false,59.83289536784444,3725474,6226475
59,"Spiral Matrix II",spiral-matrix-ii,false,Medium,7015,292,Algorithms,76.0%,59,false,Array;Matrix;Simulation;,true,false,75.95292350155745,875620,1152846
60,"Permutation Sequence",permutation-sequence,false,Hard,7376,515,Algorithms,54.5%,60,false,Math;Recursion;,true,false,54.49070787004805,632393,1160550
61,"Rotate List",rotate-list,false,Medium,11701,1567,Algorithms,43.4%,61,false,Linked List;Two Pointers;,true,false,43.40154995677555,1871142,4311229
62,"Unique Paths",unique-paths,false,Medium,18698,506,Algorithms,67.3%,62,false,Math;Dynamic Programming;Combinatorics;,true,false,67.3294641230513,3078512,4572315
63,"Unique Paths II",unique-paths-ii,false,Medium,9895,569,Algorithms,45.2%,63,false,Array;Dynamic Programming;Matrix;,true,false,45.184510981501155,1627808,3602589
64,"Minimum Path Sum",minimum-path-sum,false,Medium,13949,207,Algorithms,69.0%,64,false,Array;Dynamic Programming;Matrix;,true,false,68.98458791563179,2021438,2930280
65,"Valid Number",valid-number,false,Hard,1538,2228,Algorithms,23.7%,65,false,String;,true,false,23.739391917325396,554990,2337841
66,"Plus One",plus-one,false,Easy,12170,5628,Algorithms,50.7%,66,false,Array;Math;,true,false,50.71253525162497,4035194,7956998
67,"Add Binary",add-binary,false,Easy,10963,1128,Algorithms,58.7%,67,false,Math;String;Bit Manipulation;Simulation;,true,false,58.743576938823004,2506718,4267226
68,"Text Justification",text-justification,false,Hard,4679,5477,Algorithms,52.3%,68,false,Array;String;Simulation;,true,false,52.346081026528694,702810,1342622
69,"Sqrt(x)",sqrtx,false,Easy,9998,4665,Algorithms,42.3%,69,false,Math;Binary Search;Newton's Method;,true,true,42.33683297019786,3484158,8229631
70,"Climbing Stairs",climbing-stairs,false,Easy,24978,1067,Algorithms,54.4%,70,false,Math;Dynamic Programming;Memoization;,true,false,54.37716605062809,5566225,10236335
71,"Simplify Path",simplify-path,false,Medium,6722,1430,Algorithms,51.6%,71,false,String;Stack;,true,true,51.5951150044062,1425651,2763153
72,"Edit Distance",edit-distance,false,Medium,16771,340,Algorithms,61.4%,72,false,String;Dynamic Programming;,true,false,61.391802698533226,1608108,2619419
73,"Set Matrix Zeroes",set-matrix-zeroes,false,Medium,17552,875,Algorithms,63.7%,73,false,Array;Hash Table;Matrix;,true,false,63.71181463088236,2831761,4444648
74,"Search a 2D Matrix",search-a-2d-matrix,false,Medium,18318,502,Algorithms,54.3%,74,false,Array;Binary Search;Matrix;,true,false,54.34843070579323,3142193,5781574
75,"Sort Colors",sort-colors,false,Medium,22237,789,Algorithms,70.3%,75,false,Array;Two Pointers;Sorting;Quicksort;Bubble Sort;,true,false,70.27045492370259,4175808,5942477
76,"Minimum Window Substring",minimum-window-substring,false,Hard,20765,870,Algorithms,48.6%,76,false,Hash Table;String;Sliding Window;,true,false,48.61000481108572,2379430,4894942
77,"Combinations",combinations,false,Medium,9082,258,Algorithms,75.3%,77,false,Backtracking;,true,false,75.27225098300141,1439011,1911743
78,"Subsets",subsets,false,Medium,19577,354,Algorithms,82.9%,78,false,Array;Backtracking;Bit Manipulation;,true,true,82.88483376292356,3294733,3975078
79,"Word Search",word-search,false,Medium,18018,764,Algorithms,48.2%,79,false,Array;String;Backtracking;Depth-First Search;Matrix;,true,false,48.240848750628764,2681449,5558469
80,"Remove Duplicates from Sorted Array II",remove-duplicates-from-sorted-array-ii,false,Medium,8517,1536,Algorithms,65.4%,80,false,Array;Two Pointers;,true,false,65.37135172188349,2103741,3218147
81,"Search in Rotated Sorted Array II",search-in-rotated-sorted-array-ii,false,Medium,9915,1138,Algorithms,40.7%,81,false,Array;Binary Search;,true,false,40.66525994306696,1387956,3413129
82,"Remove Duplicates from Sorted List II",remove-duplicates-from-sorted-list-ii,false,Medium,9842,288,Algorithms,52.7%,82,false,Linked List;Two Pointers;,true,false,52.658480635216655,1188157,2256354
83,"Remove Duplicates from Sorted List",remove-duplicates-from-sorted-list,false,Easy,10111,383,Algorithms,57.6%,83,false,Linked List;,true,true,57.638257983191785,2593539,4499689
84,"Largest Rectangle in Histogram",largest-rectangle-in-histogram,false,Hard,20169,401,Algorithms,51.0%,84,false,Array;Stack;Monotonic Stack;Range Minimum/Maximum Query;,true,true,50.98647987408733,1751578,3435385
85,"Maximal Rectangle",maximal-rectangle,false,Hard,12317,231,Algorithms,60.0%,85,false,Array;Dynamic Programming;Stack;Matrix;Monotonic Stack;,true,false,59.99770555433398,878610,1464406
86,"Partition List",partition-list,false,Medium,8203,989,Algorithms,62.2%,86,false,Linked List;Two Pointers;,true,false,62.24966957299295,985757,1583555
87,"Scramble String",scramble-string,false,Hard,3715,1325,Algorithms,45.8%,87,false,String;Dynamic Programming;,true,false,45.805852052466676,345027,753239
88,"Merge Sorted Array",merge-sorted-array,false,Easy,19690,2705,Algorithms,55.8%,88,false,Array;Two Pointers;Sorting;,true,true,55.833338891623974,6194407,11094479
89,"Gray Code",gray-code,false,Medium,2595,2851,Algorithms,66.3%,89,false,Math;Backtracking;Bit Manipulation;,true,false,66.28761142544883,465807,702708
90,"Subsets II",subsets-ii,false,Medium,11193,427,Algorithms,62.1%,90,false,Array;Backtracking;Bit Manipulation;,true,false,62.07151156338402,1644349,2649117
91,"Decode Ways",decode-ways,false,Medium,13136,4626,Algorithms,38.7%,91,false,String;Dynamic Programming;,true,true,38.71270738620887,1762347,4552375
92,"Reverse Linked List II",reverse-linked-list-ii,false,Medium,13209,803,Algorithms,52.5%,92,false,Linked List;,true,true,52.54383992064603,1434459,2730031
93,"Restore IP Addresses",restore-ip-addresses,false,Medium,5763,831,Algorithms,57.2%,93,false,String;Backtracking;,true,false,57.24866412165096,673783,1176941
94,"Binary Tree Inorder Traversal",binary-tree-inorder-traversal,false,Easy,15159,915,Algorithms,80.7%,94,false,Stack;Tree;Depth-First Search;Binary Tree;,true,false,80.70493594568156,4006113,4963903
95,"Unique Binary Search Trees II",unique-binary-search-trees-ii,false,Medium,8018,585,Algorithms,63.5%,95,false,Dynamic Programming;Backtracking;Tree;Binary Search Tree;Binary Tree;,true,false,63.481561744297025,619260,975497
96,"Unique Binary Search Trees",unique-binary-search-trees,false,Medium,11147,453,Algorithms,64.3%,96,false,Math;Dynamic Programming;Tree;Binary Search Tree;Binary Tree;,true,false,64.30523308419873,920348,1431219
97,"Interleaving String",interleaving-string,false,Medium,8974,562,Algorithms,44.9%,97,false,String;Dynamic Programming;,true,false,44.916996991411736,850091,1892582
98,"Validate Binary Search Tree",validate-binary-search-tree,false,Medium,18706,1468,Algorithms,36.4%,98,false,Tree;Depth-First Search;Binary Search Tree;Binary Tree;,true,true,36.43733882815642,3582601,9832246
99,"Recover Binary Search Tree",recover-binary-search-tree,false,Medium,8781,293,Algorithms,61.2%,99,false,Tree;Depth-First Search;Binary Search Tree;Binary Tree;,true,false,61.206976115741995,736116,1202669
100,"Same Tree",same-tree,false,Easy,13155,309,Algorithms,68.1%,100,false,Tree;Depth-First Search;Breadth-First Search;Binary Tree;,true,true,68.09630165781458,3730301,5477980
401,"Binary Watch",binary-watch,false,Easy,2003,3091,Algorithms,66.3%,401,false,Backtracking;Bit Manipulation;,true,false,66.29131221439219,299706,452105
402,"Remove K Digits",remove-k-digits,false,Medium,10865,565,Algorithms,37.8%,402,false,String;Stack;Greedy;Monotonic Stack;,true,false,37.78651180742858,813537,2152996
403,"Frog Jump",frog-jump,false,Hard,6101,282,Algorithms,47.7%,403,false,Array;Dynamic Programming;,true,false,47.70535657919657,362721,760336
404,"Sum of Left Leaves",sum-of-left-leaves,false,Easy,5856,330,Algorithms,63.2%,404,false,Tree;Depth-First Search;Breadth-First Search;Binary Tree;,true,false,63.190409654718096,840272,1329749
405,"Convert a Number to Hexadecimal",convert-a-number-to-hexadecimal,false,Easy,1463,235,Algorithms,55.1%,405,false,Math;String;Bit Manipulation;,false,false,55.06877997266173,240915,437481
406,"Queue Reconstruction by Height",queue-reconstruction-by-height,false,Medium,7297,759,Algorithms,75.1%,406,false,Array;Binary Indexed Tree;Segment Tree;Sorting;,true,false,75.0921126387988,357677,476318
407,"Trapping Rain Water II",trapping-rain-water-ii,false,Hard,5055,176,Algorithms,64.3%,407,false,Array;Breadth-First Search;Heap (Priority Queue);Matrix;,true,false,64.28145108644969,275716,428920
408,"Valid Word Abbreviation",valid-word-abbreviation,true,Easy,932,2408,Algorithms,37.1%,408,true,Two Pointers;String;,false,false,37.05222779880118,365508,986467
409,"Longest Palindrome",longest-palindrome,false,Easy,6500,459,Algorithms,56.3%,409,false,Hash Table;String;Greedy;,true,false,56.2897620930159,1122710,1994519
410,"Split Array Largest Sum",split-array-largest-sum,false,Hard,11736,278,Algorithms,61.6%,410,false,Array;Binary Search;Dynamic Programming;Greedy;Prefix Sum;,true,false,61.559974619586775,735405,1194616
411,"Minimum Unique Word Abbreviation",minimum-unique-word-abbreviation,true,Hard,186,146,Algorithms,40.6%,411,true,Array;String;Backtracking;Bit Manipulation;,false,false,40.62436289500509,15941,39240
412,"Fizz Buzz",fizz-buzz,false,Easy,3513,477,Algorithms,76.0%,412,false,Math;String;Simulation;,true,true,75.95446182608983,1914311,2520342
413,"Arithmetic Slices",arithmetic-slices,false,Medium,5696,308,Algorithms,64.9%,413,false,Array;Dynamic Programming;Sliding Window;,true,false,64.93040274510797,385073,593055
414,"Third Maximum Number",third-maximum-number,false,Easy,3679,3648,Algorithms,40.5%,414,false,Array;Sorting;,true,false,40.516941013218926,936100,2310395
415,"Add Strings",add-strings,false,Easy,5536,839,Algorithms,52.3%,415,false,Math;String;Simulation;,true,false,52.25573897092283,993316,1900887
416,"Partition Equal Subset Sum",partition-equal-subset-sum,false,Medium,14149,307,Algorithms,50.1%,416,false,Array;Dynamic Programming;Knapsack Problem;0-1 Knapsack;,true,true,50.05255381928381,1655281,3307086
417,"Pacific Atlantic Water Flow",pacific-atlantic-water-flow,false,Medium,8908,1874,Algorithms,61.6%,417,false,Array;Depth-First Search;Breadth-First Search;Matrix;,true,false,61.56302617358605,869825,1412903
418,"Sentence Screen Fitting",sentence-screen-fitting,true,Medium,1144,543,Algorithms,36.4%,418,true,Array;String;Dynamic Programming;,false,false,36.420644123145365,107737,295813
419,"Battleships in a Board",battleships-in-a-board,false,Medium,2553,1034,Algorithms,77.8%,419,false,Array;Depth-First Search;Matrix;,false,false,77.843163839451,298555,383534
420,"Strong Password Checker",strong-password-checker,false,Hard,996,1756,Algorithms,16.6%,420,false,String;Greedy;Heap (Priority Queue);,false,false,16.572339468915622,60818,366985
421,"Maximum XOR of Two Numbers in an Array",maximum-xor-of-two-numbers-in-an-array,false,Medium,6035,427,Algorithms,53.8%,421,false,Array;Hash Table;Bit Manipulation;Trie;,true,false,53.8011330547182,241120,448169
422,"Valid Word Square",valid-word-square,true,Easy,455,277,Algorithms,43.0%,422,true,Array;Matrix;,true,false,42.966667061653496,72520,168782
423,"Reconstruct Original Digits from English",reconstruct-original-digits-from-english,false,Medium,907,2818,Algorithms,53.4%,423,false,Hash Table;Math;String;,true,false,53.443788065195065,105125,196702
424,"Longest Repeating Character Replacement",longest-repeating-character-replacement,false,Medium,13615,810,Algorithms,60.8%,424,false,Hash Table;String;Sliding Window;,true,false,60.782665649692966,1804991,2969586
425,"Word Squares",word-squares,true,Hard,1125,75,Algorithms,54.8%,425,true,Array;String;Backtracking;Trie;,true,false,54.767243116076244,84272,153873
758,"Convert Binary Search Tree to Sorted Doubly Linked List",convert-binary-search-tree-to-sorted-doubly-linked-list,true,Medium,2733,245,Algorithms,65.6%,426,true,Linked List;Stack;Tree;Depth-First Search;Binary Search Tree;Binary Tree;Doubly-Linked List;,true,false,65.64096898531511,374315,570246
772,"Construct Quad Tree",construct-quad-tree,false,Medium,1791,1976,Algorithms,78.7%,427,false,Array;Divide and Conquer;Tree;Matrix;,true,false,78.73820771547233,220678,280268
765,"Serialize and Deserialize N-ary Tree",serialize-and-deserialize-n-ary-tree,true,Hard,1079,58,Algorithms,69.0%,428,true,String;Tree;Depth-First Search;Breadth-First Search;,true,false,69.01611901611902,102246,148148
764,"N-ary Tree Level Order Traversal",n-ary-tree-level-order-traversal,false,Medium,3774,148,Algorithms,71.7%,429,false,Tree;Breadth-First Search;,true,false,71.69702990492523,379611,529469
766,"Flatten a Multilevel Doubly Linked List",flatten-a-multilevel-doubly-linked-list,false,Medium,5563,355,Algorithms,63.5%,430,false,Linked List;Depth-First Search;Doubly-Linked List;,true,false,63.52785990078428,469084,738391
771,"Encode N-ary Tree to Binary Tree",encode-n-ary-tree-to-binary-tree,true,Hard,540,30,Algorithms,80.8%,431,true,Tree;Depth-First Search;Breadth-First Search;Design;Binary Tree;,true,false,80.75218437381284,25508,31588
432,"All O`one Data Structure",all-oone-data-structure,false,Hard,2268,224,Algorithms,44.6%,432,false,Hash Table;Linked List;Design;Doubly-Linked List;,true,false,44.64182088481058,217707,487675
433,"Minimum Genetic Mutation",minimum-genetic-mutation,false,Medium,3393,348,Algorithms,57.2%,433,false,Hash Table;String;Breadth-First Search;Bidirectional Search;,true,false,57.24020571774315,302730,528877
434,"Number of Segments in a String",number-of-segments-in-a-string,false,Easy,939,1354,Algorithms,37.9%,434,false,String;,true,false,37.87412580474332,305384,806313
435,"Non-overlapping Intervals",non-overlapping-intervals,false,Medium,9370,262,Algorithms,57.8%,435,false,Array;Dynamic Programming;Greedy;Sorting;,true,false,57.82596482830934,1140484,1972269
436,"Find Right Interval",find-right-interval,false,Medium,2402,402,Algorithms,56.7%,436,false,Array;Binary Search;Sorting;,false,false,56.70144802698981,173780,306484
437,"Path Sum III",path-sum-iii,false,Medium,12084,576,Algorithms,46.7%,437,false,Tree;Depth-First Search;Binary Tree;,true,false,46.693939333319996,840305,1799602
438,"Find All Anagrams in a String",find-all-anagrams-in-a-string,false,Medium,13451,384,Algorithms,54.6%,438,false,Hash Table;String;Sliding Window;,true,false,54.62978828884283,1313523,2404407
439,"Ternary Expression Parser",ternary-expression-parser,true,Medium,517,74,Algorithms,62.7%,439,true,String;Stack;Recursion;,true,false,62.74394507660034,39481,62924
440,"K-th Smallest in Lexicographical Order",k-th-smallest-in-lexicographical-order,false,Hard,1661,148,Algorithms,46.7%,440,false,Trie;,true,false,46.65674882393149,174060,373064
441,"Arranging Coins",arranging-coins,false,Easy,4445,1385,Algorithms,48.7%,441,false,Math;Binary Search;,true,false,48.68140673173507,670747,1377826
442,"Find All Duplicates in an Array",find-all-duplicates-in-an-array,false,Medium,11300,452,Algorithms,77.2%,442,false,Array;Hash Table;Sorting;,true,false,77.20822491369971,1108238,1435390
443,"String Compression",string-compression,false,Medium,6435,9005,Algorithms,60.9%,443,false,Two Pointers;String;,true,false,60.89002102149382,1187285,1949886
444,"Sequence Reconstruction",sequence-reconstruction,true,Medium,623,1552,Algorithms,31.2%,444,true,Array;Graph Theory;Topological Sort;Directed Acyclic Graph;,false,false,31.205890525145875,67386,215940
445,"Add Two Numbers II",add-two-numbers-ii,false,Medium,6239,303,Algorithms,63.1%,445,false,Linked List;Math;Stack;,true,false,63.09018206585589,609500,966078
446,"Arithmetic Slices II - Subsequence",arithmetic-slices-ii-subsequence,false,Hard,3561,167,Algorithms,55.3%,446,false,Array;Dynamic Programming;,true,false,55.3281235704438,175373,316969
447,"Number of Boomerangs",number-of-boomerangs,false,Medium,909,1048,Algorithms,58.2%,447,false,Array;Hash Table;Math;,false,false,58.187301557568205,124251,213536
448,"Find All Numbers Disappeared in an Array",find-all-numbers-disappeared-in-an-array,false,Easy,10625,562,Algorithms,64.7%,448,false,Array;Hash Table;,true,false,64.69865939946806,1532228,2368254
449,"Serialize and Deserialize BST",serialize-and-deserialize-bst,false,Medium,3622,180,Algorithms,60.1%,449,false,String;Tree;Depth-First Search;Breadth-First Search;Design;Binary Search Tree;Binary Tree;,true,false,60.095440417761125,287127,477785
450,"Delete Node in a BST",delete-node-in-a-bst,false,Medium,10694,402,Algorithms,55.5%,450,false,Tree;Binary Search Tree;Binary Tree;,true,false,55.50815861231344,956555,1723269
451,"Sort Characters By Frequency",sort-characters-by-frequency,false,Medium,9446,341,Algorithms,75.9%,451,false,Hash Table;String;Sorting;Heap (Priority Queue);Bucket Sort;Counting;,true,false,75.86660218844713,1220548,1608809
452,"Minimum Number of Arrows to Burst Balloons",minimum-number-of-arrows-to-burst-balloons,false,Medium,8236,278,Algorithms,62.0%,452,false,Array;Greedy;Sorting;,true,false,61.97882311081957,846583,1365923
453,"Minimum Moves to Equal Array Elements",minimum-moves-to-equal-array-elements,false,Medium,2869,1917,Algorithms,59.2%,453,false,Array;Math;,true,false,59.20318970902388,230300,389000
454,"4Sum II",4sum-ii,false,Medium,5126,151,Algorithms,58.3%,454,false,Array;Hash Table;,true,false,58.258499959756705,405343,695767
455,"Assign Cookies",assign-cookies,false,Easy,5248,468,Algorithms,55.6%,455,false,Array;Two Pointers;Greedy;Sorting;Quicksort;,true,false,55.57843524223897,1096895,1973598
456,"132 Pattern",132-pattern,false,Medium,7727,480,Algorithms,35.2%,456,false,Array;Binary Search;Stack;Monotonic Stack;Ordered Set;,true,true,35.17180543148206,345285,981714
457,"Circular Array Loop",circular-array-loop,false,Medium,869,935,Algorithms,38.6%,457,false,Array;Hash Table;Two Pointers;Floyd's Cycle Finding Algorithm;,false,false,38.63954576249314,119771,309970
458,"Poor Pigs",poor-pigs,false,Hard,1901,3373,Algorithms,59.3%,458,false,Math;Dynamic Programming;Combinatorics;,true,false,59.26920987221226,138540,233747
459,"Repeated Substring Pattern",repeated-substring-pattern,false,Easy,6947,576,Algorithms,48.9%,459,false,String;String Matching;Z Algorithm;Knuth–Morris–Pratt Algorithm;,true,false,48.88117668962949,656352,1342750
460,"LFU Cache",lfu-cache,false,Hard,6528,355,Algorithms,50.4%,460,false,Hash Table;Linked List;Design;Doubly-Linked List;,true,false,50.391990311474665,423584,840580
461,"Hamming Distance",hamming-distance,false,Easy,4059,231,Algorithms,77.1%,461,false,Bit Manipulation;,true,false,77.12822950016003,720562,934239
462,"Minimum Moves to Equal Array Elements II",minimum-moves-to-equal-array-elements-ii,false,Medium,3555,132,Algorithms,62.5%,462,false,Array;Math;Sorting;,true,false,62.50061772868316,240298,384472
463,"Island Perimeter",island-perimeter,false,Easy,7408,434,Algorithms,74.4%,463,false,Array;Depth-First Search;Breadth-First Search;Matrix;,true,false,74.43663851204914,875819,1176597
464,"Can I Win",can-i-win,false,Medium,2878,434,Algorithms,31.9%,464,false,Math;Dynamic Programming;Bit Manipulation;Memoization;Game Theory;Bitmask;,false,false,31.885840996289687,131142,411286
465,"Optimal Account Balancing",optimal-account-balancing,true,Hard,1539,165,Algorithms,50.7%,465,true,Array;Dynamic Programming;Backtracking;Bit Manipulation;Bitmask;,true,false,50.69892129954682,119145,235005
466,"Count The Repetitions",count-the-repetitions,false,Hard,453,371,Algorithms,36.3%,466,false,Two Pointers;String;Dynamic Programming;,true,false,36.31842975749743,33158,91298
467,"Unique Substrings in Wraparound String",unique-substrings-in-wraparound-string,false,Medium,1545,191,Algorithms,44.1%,467,false,String;Dynamic Programming;,false,false,44.11252142089517,60750,137716
468,"Validate IP Address",validate-ip-address,false,Medium,1134,2748,Algorithms,28.6%,468,false,String;,true,false,28.554229933435195,208007,728463
469,"Convex Polygon",convex-polygon,true,Medium,104,243,Algorithms,40.3%,469,true,Array;Math;Geometry;Polygons;,false,false,40.31670355865827,11839,29365
903,"Implement Rand10() Using Rand7()",implement-rand10-using-rand7,false,Medium,1192,389,Algorithms,46.8%,470,false,Math;Rejection Sampling;Randomized;Probability and Statistics;,true,false,46.78737638744694,116720,249469
471,"Encode String with Shortest Length",encode-string-with-shortest-length,true,Hard,634,54,Algorithms,50.6%,471,true,String;Dynamic Programming;,false,false,50.58155006966077,32312,63881
472,"Concatenated Words",concatenated-words,false,Hard,4098,294,Algorithms,50.0%,472,false,Array;String;Dynamic Programming;Depth-First Search;Trie;Sorting;,true,false,50.02320688440805,276986,553715
473,"Matchsticks to Square",matchsticks-to-square,false,Medium,4095,311,Algorithms,42.4%,473,false,Array;Dynamic Programming;Backtracking;Bit Manipulation;Bitmask;,true,false,42.378337927150945,228782,539856
474,"Ones and Zeroes",ones-and-zeroes,false,Medium,6147,510,Algorithms,53.9%,474,false,Array;String;Dynamic Programming;Knapsack Problem;0-1 Knapsack;,true,false,53.873430540742284,370248,687257
475,"Heaters",heaters,false,Medium,2409,1202,Algorithms,42.7%,475,false,Array;Two Pointers;Binary Search;Sorting;,false,false,42.7314236924776,184175,431006
476,"Number Complement",number-complement,false,Easy,3257,147,Algorithms,70.6%,476,false,Bit Manipulation;,true,false,70.60892012961439,575486,815032
477,"Total Hamming Distance",total-hamming-distance,false,Medium,2320,98,Algorithms,55.6%,477,false,Array;Math;Bit Manipulation;,true,false,55.604187000929926,144701,260234
915,"Generate Random Point in a Circle",generate-random-point-in-a-circle,false,Medium,490,784,Algorithms,43.9%,478,false,Math;Geometry;Rejection Sampling;Randomized;,true,false,43.942227920657665,58263,132590
479,"Largest Palindrome Product",largest-palindrome-product,false,Hard,197,1568,Algorithms,40.0%,479,false,Math;Enumeration;,false,false,40.04075394803871,37727,94223
480,"Sliding Window Median",sliding-window-median,false,Hard,3661,244,Algorithms,39.2%,480,false,Array;Hash Table;Sliding Window;Heap (Priority Queue);Treap;,true,false,39.17154911544646,233133,595159
481,"Magical String",magical-string,false,Medium,394,1436,Algorithms,56.5%,481,false,Two Pointers;String;,false,false,56.46514497223936,64071,113470
482,"License Key Formatting",license-key-formatting,false,Easy,1226,1486,Algorithms,46.6%,482,false,String;,true,false,46.627327048589464,382280,819864
483,"Smallest Good Base",smallest-good-base,false,Hard,433,542,Algorithms,47.7%,483,false,Math;Binary Search;,false,false,47.72049714806899,35055,73459
484,"Find Permutation",find-permutation,true,Medium,731,151,Algorithms,66.7%,484,true,Array;String;Stack;Greedy;,true,false,66.74255532283034,43974,65886
485,"Max Consecutive Ones",max-consecutive-ones,false,Easy,7132,508,Algorithms,66.3%,485,false,Array;,true,false,66.25763445434353,2610448,3939845
486,"Predict the Winner",predict-the-winner,false,Medium,6650,303,Algorithms,60.0%,486,false,Array;Math;Dynamic Programming;Recursion;Minimax;Game Theory;Zero-Sum Game;,true,true,60.006837953172685,426490,710737
487,"Max Consecutive Ones II",max-consecutive-ones-ii,true,Medium,1616,27,Algorithms,52.2%,487,true,Array;Dynamic Programming;Sliding Window;,true,false,52.18053725235069,187683,359679
488,"Zuma Game",zuma-game,false,Hard,503,517,Algorithms,29.1%,488,false,String;Dynamic Programming;Stack;Breadth-First Search;Memoization;,false,false,29.104267767245677,32084,110241
865,"Robot Room Cleaner",robot-room-cleaner,true,Hard,2915,193,Algorithms,78.1%,489,true,Backtracking;Interactive;,true,false,78.05107429646242,215780,276460
490,"The Maze",the-maze,true,Medium,1933,199,Algorithms,60.5%,490,true,Array;Depth-First Search;Breadth-First Search;Matrix;,true,false,60.54680725854369,212974,351751
491,"Non-decreasing Subsequences",non-decreasing-subsequences,false,Medium,3864,239,Algorithms,63.2%,491,false,Array;Hash Table;Backtracking;Bit Manipulation;,true,false,63.18635073253541,221464,350494
492,"Construct the Rectangle",construct-the-rectangle,false,Easy,814,394,Algorithms,65.3%,492,false,Math;,false,false,65.27701082799707,190321,291559
493,"Reverse Pairs",reverse-pairs,false,Hard,7224,306,Algorithms,35.3%,493,false,Array;Binary Search;Divide and Conquer;Binary Indexed Tree;Segment Tree;Merge Sort;Ordered Set;Treap;,true,false,35.32478858395444,419636,1187935
494,"Target Sum",target-sum,false,Medium,12660,426,Algorithms,53.0%,494,false,Array;Dynamic Programming;Backtracking;Knapsack Problem;0-1 Knapsack;,true,false,52.972068159690146,1193676,2253405
495,"Teemo Attacking",teemo-attacking,false,Easy,1400,168,Algorithms,58.2%,495,false,Array;Simulation;,true,false,58.24661150312198,240951,413672
496,"Next Greater Element I",next-greater-element-i,false,Easy,10342,1167,Algorithms,76.9%,496,false,Array;Hash Table;Stack;Monotonic Stack;,true,false,76.91799633151722,1640895,2133305
914,"Random Point in Non-overlapping Rectangles",random-point-in-non-overlapping-rectangles,false,Medium,532,692,Algorithms,40.8%,497,false,Array;Math;Binary Search;Reservoir Sampling;Prefix Sum;Ordered Set;Randomized;,true,false,40.831766144429274,57102,139847
498,"Diagonal Traverse",diagonal-traverse,false,Medium,4384,790,Algorithms,67.5%,498,false,Array;Matrix;Simulation;,true,false,67.49367624219992,580611,860246
499,"The Maze III",the-maze-iii,true,Hard,526,78,Algorithms,52.7%,499,true,Array;String;Depth-First Search;Breadth-First Search;Graph Theory;Heap (Priority Queue);Matrix;Shortest Path;Dijkstra's Algorithm;Heuristic Search;A* Search;,true,false,52.68402768973299,41554,78874
500,"Keyboard Row",keyboard-row,false,Easy,1862,1161,Algorithms,74.5%,500,false,Array;Hash Table;String;,false,false,74.47253481753636,354314,475765
937,"Online Stock Span",online-stock-span,false,Medium,7474,533,Algorithms,69.9%,901,false,Stack;Design;Monotonic Stack;Data Stream;,true,false,69.88051575728188,690298,987826
938,"Numbers At Most N Given Digit Set",numbers-at-most-n-given-digit-set,false,Hard,1502,98,Algorithms,46.1%,902,false,Array;Math;String;Binary Search;Dynamic Programming;,true,false,46.1459706817653,59496,128930
939,"Valid Permutations for DI Sequence",valid-permutations-for-di-sequence,false,Hard,756,47,Algorithms,56.8%,903,false,String;Dynamic Programming;Prefix Sum;,true,false,56.7712063849381,22193,39092
940,"Fruit Into Baskets",fruit-into-baskets,false,Medium,6536,644,Algorithms,52.7%,904,false,Array;Hash Table;Sliding Window;,true,false,52.6566573430009,986064,1872629
941,"Sort Array By Parity",sort-array-by-parity,false,Easy,5784,159,Algorithms,76.7%,905,false,Array;Two Pointers;Sorting;,true,false,76.70943651647367,1092498,1424203
942,"Super Palindromes",super-palindromes,false,Hard,382,424,Algorithms,40.5%,906,false,Math;String;Enumeration;,true,false,40.475546418524125,29926,73936
943,"Sum of Subarray Minimums",sum-of-subarray-minimums,false,Medium,9549,759,Algorithms,39.0%,907,false,Array;Dynamic Programming;Stack;Monotonic Stack;,true,false,39.03564424071106,505141,1294056
944,"Smallest Range I",smallest-range-i,false,Easy,805,2092,Algorithms,74.2%,908,false,Array;Math;,true,false,74.16315672799823,133820,180440
945,"Snakes and Ladders",snakes-and-ladders,false,Medium,3726,1369,Algorithms,48.3%,909,false,Array;Breadth-First Search;Matrix;,true,false,48.28782807821032,383781,794778
946,"Smallest Range II",smallest-range-ii,false,Medium,1734,468,Algorithms,38.3%,910,false,Array;Math;Greedy;Sorting;,true,false,38.347331947331945,69169,180375
947,"Online Election",online-election,false,Medium,1102,687,Algorithms,53.2%,911,false,Array;Hash Table;Binary Search;Design;,true,false,53.242500097275006,82101,154202
948,"Sort an Array",sort-an-array,false,Medium,7408,854,Algorithms,55.6%,912,false,Array;Divide and Conquer;Sorting;Heap (Priority Queue);Merge Sort;Bucket Sort;Radix Sort;Counting Sort;,true,false,55.5604715174131,1231912,2217244
949,"Cat and Mouse",cat-and-mouse,false,Hard,1038,182,Algorithms,36.3%,913,false,Math;Dynamic Programming;Graph Theory;Topological Sort;Memoization;Minimax;Game Theory;Zero-Sum Game;,true,false,36.305694614552245,30532,84097
950,"X of a Kind in a Deck of Cards",x-of-a-kind-in-a-deck-of-cards,false,Easy,1917,587,Algorithms,30.6%,914,false,Array;Hash Table;Math;Counting;Number Theory;Euclidean Algorithm;Greatest Common Divisor;,true,false,30.581209841488228,167152,546584
951,"Partition Array into Disjoint Intervals",partition-array-into-disjoint-intervals,false,Medium,1783,83,Algorithms,49.7%,915,false,Array;,true,false,49.74874861227431,102170,205372
952,"Word Subsets",word-subsets,false,Medium,3551,319,Algorithms,56.0%,916,false,Array;Hash Table;String;,true,false,56.02585379363192,269058,480239
953,"Reverse Only Letters",reverse-only-letters,false,Easy,2489,87,Algorithms,69.2%,917,false,Two Pointers;String;,true,false,69.2292798906467,357562,516490
954,"Maximum Sum Circular Subarray",maximum-sum-circular-subarray,false,Medium,7521,354,Algorithms,51.6%,918,false,Array;Divide and Conquer;Dynamic Programming;Queue;Monotonic Queue;,true,false,51.62749963508977,473958,918034
955,"Complete Binary Tree Inserter",complete-binary-tree-inserter,false,Medium,1164,120,Algorithms,65.3%,919,false,Tree;Breadth-First Search;Design;Binary Tree;,true,false,65.32595849288518,69092,105765
956,"Number of Music Playlists",number-of-music-playlists,false,Hard,2501,213,Algorithms,60.1%,920,false,Math;Dynamic Programming;Combinatorics;,true,false,60.130791072663335,81743,135942
957,"Minimum Add to Make Parentheses Valid",minimum-add-to-make-parentheses-valid,false,Medium,5034,251,Algorithms,74.2%,921,false,String;Stack;Greedy;Bracket Sequences;,true,false,74.21120003517436,742655,1000731
958,"Sort Array By Parity II",sort-array-by-parity-ii,false,Easy,2869,107,Algorithms,71.4%,922,false,Array;Two Pointers;Sorting;,true,true,71.36386130635354,376377,527404
959,"3Sum With Multiplicity",3sum-with-multiplicity,false,Medium,2694,333,Algorithms,46.5%,923,false,Array;Hash Table;Two Pointers;Sorting;Counting;,true,false,46.525989782649766,125589,269933
960,"Minimize Malware Spread",minimize-malware-spread,false,Hard,1146,657,Algorithms,43.5%,924,false,Array;Hash Table;Depth-First Search;Breadth-First Search;Union-Find;Graph Theory;,true,false,43.51742813573487,80190,184271
961,"Long Pressed Name",long-pressed-name,false,Easy,2634,417,Algorithms,33.2%,925,false,Two Pointers;String;,true,false,33.18819678061716,205494,619182
962,"Flip String to Monotone Increasing",flip-string-to-monotone-increasing,false,Medium,4627,186,Algorithms,62.0%,926,false,String;Dynamic Programming;,true,false,61.958234720868724,222522,359149
963,"Three Equal Parts",three-equal-parts,false,Hard,860,127,Algorithms,41.7%,927,false,Array;Math;,true,false,41.725136493183925,36454,87367
964,"Minimize Malware Spread II",minimize-malware-spread-ii,false,Hard,715,92,Algorithms,46.2%,928,false,Array;Hash Table;Depth-First Search;Breadth-First Search;Union-Find;Graph Theory;,true,false,46.248458998738855,32638,70571
965,"Unique Email Addresses",unique-email-addresses,false,Easy,2830,363,Algorithms,68.0%,929,false,Array;Hash Table;String;,true,false,68.00437190990661,594193,873758
966,"Binary Subarrays With Sum",binary-subarrays-with-sum,false,Medium,5079,174,Algorithms,70.0%,930,false,Array;Hash Table;Sliding Window;Prefix Sum;,true,false,69.96767124676539,607291,867959
967,"Minimum Falling Path Sum",minimum-falling-path-sum,false,Medium,7097,175,Algorithms,60.8%,931,false,Array;Dynamic Programming;Matrix;,true,false,60.83517390206106,696025,1144115
968,"Beautiful Array",beautiful-array,false,Medium,1189,1617,Algorithms,70.7%,932,false,Array;Math;Divide and Conquer;,true,false,70.74085844037356,69007,97549
969,"Number of Recent Calls",number-of-recent-calls,false,Easy,926,1241,Algorithms,79.1%,933,false,Design;Queue;Data Stream;,true,false,79.12600322418484,593408,749954
971,"Shortest Bridge",shortest-bridge,false,Medium,5868,221,Algorithms,59.8%,934,false,Array;Depth-First Search;Breadth-First Search;Matrix;,true,false,59.829356758522856,289323,483581
972,"Knight Dialer",knight-dialer,false,Medium,3230,453,Algorithms,62.2%,935,false,Dynamic Programming;,true,false,62.22386083187865,206745,332260
973,"Stamping The Sequence",stamping-the-sequence,false,Hard,1585,222,Algorithms,62.4%,936,false,String;Stack;Greedy;Queue;,true,false,62.3695213040823,66383,106435
974,"Reorder Data in Log Files",reorder-data-in-log-files,false,Medium,2213,4429,Algorithms,56.8%,937,false,Array;String;Sorting;,true,false,56.8073792346405,418662,736986
975,"Range Sum of BST",range-sum-of-bst,false,Easy,7307,389,Algorithms,87.6%,938,false,Tree;Depth-First Search;Binary Search Tree;Binary Tree;,true,true,87.64375702738356,1385916,1581305
976,"Minimum Area Rectangle",minimum-area-rectangle,false,Medium,2119,298,Algorithms,55.6%,939,false,Array;Hash Table;Math;Geometry;Sorting;,true,false,55.580589514737866,185264,333325
977,"Distinct Subsequences II",distinct-subsequences-ii,false,Hard,2180,49,Algorithms,56.7%,940,false,String;Dynamic Programming;,true,true,56.700354430379754,139979,246875
978,"Valid Mountain Array",valid-mountain-array,false,Easy,3211,212,Algorithms,35.9%,941,false,Array;,true,false,35.86619113664884,597355,1665510
979,"DI String Match",di-string-match,false,Easy,2649,1084,Algorithms,81.4%,942,false,Array;Two Pointers;String;Greedy;,true,false,81.40107951543722,220334,270677
980,"Find the Shortest Superstring",find-the-shortest-superstring,false,Hard,1539,152,Algorithms,46.0%,943,false,Array;String;Dynamic Programming;Bit Manipulation;Bitmask;Hamiltonian Path;,true,false,45.985632148978326,37831,82267
981,"Delete Columns to Make Sorted",delete-columns-to-make-sorted,false,Easy,2079,3021,Algorithms,78.2%,944,false,Array;String;Longest Increasing Subsequence;,true,false,78.19800856176533,330628,422809
982,"Minimum Increment to Make Array Unique",minimum-increment-to-make-array-unique,false,Medium,2813,87,Algorithms,60.8%,945,false,Array;Greedy;Sorting;Counting;,true,false,60.8373099861091,277669,456413
983,"Validate Stack Sequences",validate-stack-sequences,false,Medium,6157,134,Algorithms,70.9%,946,false,Array;Stack;Simulation;,true,false,70.86458275158222,393353,555077
984,"Most Stones Removed with Same Row or Column",most-stones-removed-with-same-row-or-column,false,Medium,6600,711,Algorithms,63.5%,947,false,Hash Table;Depth-First Search;Union-Find;Graph Theory;Bipartite Graph;,true,false,63.51618438104064,438664,690634
985,"Bag of Tokens",bag-of-tokens,false,Medium,3556,549,Algorithms,59.9%,948,false,Array;Two Pointers;Greedy;Sorting;,true,false,59.93110607575347,281153,469127
986,"Largest Time for Given Digits",largest-time-for-given-digits,false,Medium,750,1074,Algorithms,36.2%,949,false,Array;String;Backtracking;Enumeration;,true,false,36.19703221576758,107111,295911
987,"Reveal Cards In Increasing Order",reveal-cards-in-increasing-order,false,Medium,3742,722,Algorithms,83.8%,950,false,Array;Queue;Sorting;Simulation;,true,false,83.83116230787262,250345,298630
988,"Flip Equivalent Binary Trees",flip-equivalent-binary-trees,false,Medium,2918,125,Algorithms,69.5%,951,false,Tree;Depth-First Search;Binary Tree;,true,false,69.49444739031114,276532,397920
989,"Largest Component Size by Common Factor",largest-component-size-by-common-factor,false,Hard,1755,95,Algorithms,44.1%,952,false,Array;Hash Table;Math;Union-Find;Number Theory;Prime Factorization;,true,false,44.0582072879872,72967,165615
990,"Verifying an Alien Dictionary",verifying-an-alien-dictionary,false,Easy,5135,1689,Algorithms,56.2%,953,false,Array;Hash Table;String;,true,false,56.15522211851272,597418,1063869
991,"Array of Doubled Pairs",array-of-doubled-pairs,false,Medium,1588,188,Algorithms,40.0%,954,false,Array;Hash Table;Greedy;Sorting;,true,false,40.04466125139796,108851,271824
992,"Delete Columns to Make Sorted II",delete-columns-to-make-sorted-ii,false,Medium,1053,137,Algorithms,49.8%,955,false,Array;String;Greedy;,true,false,49.753665276808846,91999,184908
993,"Tallest Billboard",tallest-billboard,false,Hard,2532,64,Algorithms,51.9%,956,false,Array;Dynamic Programming;Meet in the Middle;Knapsack Problem;0-1 Knapsack;,true,false,51.91277079001723,75653,145731
994,"Prison Cells After N Days",prison-cells-after-n-days,false,Medium,1574,1783,Algorithms,39.4%,957,false,Array;Hash Table;Math;Bit Manipulation;Floyd's Cycle Finding Algorithm;,true,false,39.358673829409334,180160,457739
998,"Check Completeness of a Binary Tree",check-completeness-of-a-binary-tree,false,Medium,4611,62,Algorithms,59.6%,958,false,Tree;Breadth-First Search;Binary Tree;,true,false,59.58602630313719,335862,563659
999,"Regions Cut By Slashes",regions-cut-by-slashes,false,Medium,4015,880,Algorithms,77.6%,959,false,Array;Hash Table;Depth-First Search;Breadth-First Search;Union-Find;Matrix;Planar Graph;,true,false,77.5625069284181,153929,198458
1000,"Delete Columns to Make Sorted III",delete-columns-to-make-sorted-iii,false,Hard,877,31,Algorithms,72.6%,960,false,Array;String;Dynamic Programming;,true,false,72.62802282747695,76104,104786
1001,"N-Repeated Element in Size 2N Array",n-repeated-element-in-size-2n-array,false,Easy,1862,349,Algorithms,80.0%,961,false,Array;Hash Table;Pigeonhole Principle;,true,false,80.03099863888391,487436,609059
1002,"Maximum Width Ramp",maximum-width-ramp,false,Medium,2917,103,Algorithms,56.0%,962,false,Array;Two Pointers;Stack;Monotonic Stack;,true,false,55.96576218249364,217535,388693
1003,"Minimum Area Rectangle II",minimum-area-rectangle-ii,false,Medium,417,488,Algorithms,56.1%,963,false,Array;Hash Table;Math;Geometry;,true,false,56.106424783206045,37979,67691
1004,"Least Operators to Express Number",least-operators-to-express-number,false,Hard,331,72,Algorithms,48.5%,964,false,Math;Dynamic Programming;Memoization;,true,false,48.481062363902474,13581,28013
1005,"Univalued Binary Tree",univalued-binary-tree,false,Easy,2000,68,Algorithms,73.4%,965,false,Tree;Depth-First Search;Breadth-First Search;Binary Tree;,true,false,73.44253463575285,289014,393524
1006,"Vowel Spellchecker",vowel-spellchecker,false,Medium,858,1004,Algorithms,61.5%,966,false,Array;Hash Table;String;,true,false,61.46436197866316,143054,232743
1007,"Numbers With Same Consecutive Differences",numbers-with-same-consecutive-differences,false,Medium,2901,201,Algorithms,59.4%,967,false,Backtracking;Breadth-First Search;,true,false,59.385262536437764,160940,271010
1008,"Binary Tree Cameras",binary-tree-cameras,false,Hard,5730,92,Algorithms,48.2%,968,false,Dynamic Programming;Tree;Depth-First Search;Binary Tree;DP on Trees;,true,false,48.202055612337496,201849,418756
1009,"Pancake Sorting",pancake-sorting,false,Medium,1617,1562,Algorithms,72.0%,969,false,Array;Two Pointers;Greedy;Sorting;,true,false,71.98730859763643,118661,164836
1010,"Powerful Integers",powerful-integers,false,Medium,427,86,Algorithms,44.8%,970,false,Hash Table;Math;Enumeration;,true,false,44.835974188317174,66355,147995
1011,"Flip Binary Tree To Match Preorder Traversal",flip-binary-tree-to-match-preorder-traversal,false,Medium,1006,284,Algorithms,52.2%,971,false,Tree;Depth-First Search;Binary Tree;,true,false,52.24684283783921,51425,98427
1012,"Equal Rational Numbers",equal-rational-numbers,false,Hard,107,218,Algorithms,47.0%,972,false,Math;String;,true,false,46.997230875735546,10862,23112
1014,"K Closest Points to Origin",k-closest-points-to-origin,false,Medium,9240,340,Algorithms,69.4%,973,false,Array;Math;Divide and Conquer;Geometry;Sorting;Heap (Priority Queue);Quickselect;K-D Tree;,true,true,69.44669951874062,1832335,2638481
1016,"Subarray Sums Divisible by K",subarray-sums-divisible-by-k,false,Medium,8079,350,Algorithms,56.8%,974,false,Array;Hash Table;Prefix Sum;,true,false,56.82732825150324,552107,971557
1017,"Odd Even Jump",odd-even-jump,false,Hard,2134,534,Algorithms,41.6%,975,false,Array;Dynamic Programming;Stack;Sorting;Monotonic Stack;Ordered Set;,true,false,41.627680763351705,107844,259068
1018,"Largest Perimeter Triangle",largest-perimeter-triangle,false,Easy,3434,445,Algorithms,62.6%,976,false,Array;Math;Greedy;Sorting;Quicksort;Polygons;,true,false,62.57977548200891,447528,715132
1019,"Squares of a Sorted Array",squares-of-a-sorted-array,false,Easy,10520,284,Algorithms,74.2%,977,false,Array;Two Pointers;Sorting;,true,true,74.19904780262343,2871648,3870196
1020,"Longest Turbulent Subarray",longest-turbulent-subarray,false,Medium,2143,263,Algorithms,49.6%,978,false,Array;Dynamic Programming;Sliding Window;,true,false,49.56228978609697,149124,300883
1021,"Distribute Coins in Binary Tree",distribute-coins-in-binary-tree,false,Medium,6143,251,Algorithms,77.4%,979,false,Tree;Depth-First Search;Binary Tree;DP on Trees;,true,false,77.3934893514181,233774,302059
1022,"Unique Paths III",unique-paths-iii,false,Hard,5562,200,Algorithms,83.0%,980,false,Array;Backtracking;Bit Manipulation;Matrix;Hamiltonian Path;,true,false,83.00899909735497,273127,329033
1023,"Time Based Key-Value Store",time-based-key-value-store,false,Medium,5376,746,Algorithms,50.2%,981,false,Hash Table;String;Binary Search;Design;,true,false,50.22810136083875,801641,1596000
1024,"Triples with Bitwise AND Equal To Zero",triples-with-bitwise-and-equal-to-zero,false,Hard,487,223,Algorithms,60.7%,982,false,Array;Hash Table;Bit Manipulation;,false,false,60.654126574177766,26538,43753
1025,"Minimum Cost For Tickets",minimum-cost-for-tickets,false,Medium,8907,192,Algorithms,67.5%,983,false,Array;Dynamic Programming;,true,false,67.5014229579696,492163,729115
1026,"String Without AAA or BBB",string-without-aaa-or-bbb,false,Medium,887,377,Algorithms,45.7%,984,false,String;Greedy;,true,false,45.683519147556694,64824,141898
1027,"Sum of Even Numbers After Queries",sum-of-even-numbers-after-queries,false,Medium,2146,324,Algorithms,69.1%,985,false,Array;Simulation;,true,false,69.09144905891011,160525,232337
1028,"Interval List Intersections",interval-list-intersections,false,Medium,6002,131,Algorithms,73.2%,986,false,Array;Two Pointers;Sweep Line;,true,false,73.22535121858321,599822,819146
1029,"Vertical Order Traversal of a Binary Tree",vertical-order-traversal-of-a-binary-tree,false,Hard,8857,4397,Algorithms,54.8%,987,false,Hash Table;Tree;Depth-First Search;Breadth-First Search;Sorting;Binary Tree;,true,true,54.82260233992336,777662,1418507
1030,"Smallest String Starting From Leaf",smallest-string-starting-from-leaf,false,Medium,2447,336,Algorithms,61.4%,988,false,String;Backtracking;Tree;Depth-First Search;Binary Tree;,true,false,61.43338127877731,229356,373341
1031,"Add to Array-Form of Integer",add-to-array-form-of-integer,false,Easy,3738,319,Algorithms,45.7%,989,false,Array;Math;,true,false,45.719110051648784,359034,785304
1032,"Satisfiability of Equality Equations",satisfiability-of-equality-equations,false,Medium,4106,69,Algorithms,52.2%,990,false,Array;String;Union-Find;Graph Theory;,true,false,52.24543080939947,180090,344700
1033,"Broken Calculator",broken-calculator,false,Medium,2873,218,Algorithms,56.5%,991,false,Math;Greedy;,true,false,56.51693909112018,129005,228257
1034,"Subarrays with K Different Integers",subarrays-with-k-different-integers,false,Hard,7179,128,Algorithms,69.1%,992,false,Array;Hash Table;Sliding Window;Counting;,true,false,69.12936710682546,461115,667032
1035,"Cousins in Binary Tree",cousins-in-binary-tree,false,Easy,4376,240,Algorithms,59.9%,993,false,Tree;Depth-First Search;Breadth-First Search;Binary Tree;,true,false,59.88282131722972,366107,611373
1036,"Rotting Oranges",rotting-oranges,false,Medium,15653,490,Algorithms,59.5%,994,false,Array;Breadth-First Search;Matrix;,true,false,59.527828813241655,1867518,3137230
1037,"Minimum Number of K Consecutive Bit Flips",minimum-number-of-k-consecutive-bit-flips,false,Hard,2108,92,Algorithms,62.5%,995,false,Array;Bit Manipulation;Queue;Sliding Window;Prefix Sum;Brute-Force Search;,true,false,62.46704212280368,148075,237045
1038,"Number of Squareful Arrays",number-of-squareful-arrays,false,Hard,1056,49,Algorithms,52.0%,996,false,Array;Hash Table;Math;Dynamic Programming;Backtracking;Bit Manipulation;Bitmask;,true,false,51.976357591429625,53465,102865
1039,"Find the Town Judge",find-the-town-judge,false,Easy,7049,639,Algorithms,51.1%,997,false,Array;Hash Table;Graph Theory;,true,false,51.14333815142971,790447,1545555
1040,"Maximum Binary Tree II",maximum-binary-tree-ii,false,Medium,579,807,Algorithms,71.1%,998,false,Tree;Binary Tree;,false,false,71.11875361330587,47976,67459
1041,"Available Captures for Rook",available-captures-for-rook,false,Easy,824,650,Algorithms,72.2%,999,false,Array;Matrix;Simulation;,false,false,72.23595208404187,95579,132315
1042,"Minimum Cost to Merge Stones",minimum-cost-to-merge-stones,false,Hard,2684,117,Algorithms,47.1%,1000,false,Array;Dynamic Programming;Prefix Sum;,false,false,47.149022128362866,56485,119801
1234,"Number of Paths with Max Score",number-of-paths-with-max-score,false,Hard,790,41,Algorithms,63.1%,1301,false,Array;Dynamic Programming;Matrix;,true,false,63.06283527522466,92283,146335
1254,"Deepest Leaves Sum",deepest-leaves-sum,false,Medium,4872,127,Algorithms,86.6%,1302,false,Tree;Depth-First Search;Breadth-First Search;Binary Tree;,true,false,86.62389035206033,420669,485627
1438,"Find the Team Size",find-the-team-size,true,Easy,346,16,Database,89.6%,1303,true,Database;,false,false,89.55288233518735,83080,92772
1426,"Find N Unique Integers Sum up to Zero",find-n-unique-integers-sum-up-to-zero,false,Easy,2515,623,Algorithms,78.5%,1304,false,Array;Math;,true,false,78.46773314672801,410407,523027
1427,"All Elements in Two Binary Search Trees",all-elements-in-two-binary-search-trees,false,Medium,3211,99,Algorithms,80.4%,1305,false,Tree;Depth-First Search;Binary Search Tree;Sorting;Binary Tree;,true,false,80.44090551689335,274177,340843
1428,"Jump Game III",jump-game-iii,false,Medium,4602,120,Algorithms,70.5%,1306,false,Array;Depth-First Search;Breadth-First Search;,true,true,70.47970543613049,406946,577395
1429,"Verbal Arithmetic Puzzle",verbal-arithmetic-puzzle,false,Hard,535,138,Algorithms,33.7%,1307,false,Array;Math;String;Backtracking;,false,false,33.68095160501874,18603,55233
1439,"Running Total for Different Genders",running-total-for-different-genders,true,Medium,225,70,Database,86.0%,1308,true,Database;,false,false,86.03387777639243,48302,56143
1434,"Decrypt String from Alphabet to Integer Mapping",decrypt-string-from-alphabet-to-integer-mapping,false,Easy,1620,120,Algorithms,80.7%,1309,false,String;,false,false,80.71977022398991,154852,191839
1435,"XOR Queries of a Subarray",xor-queries-of-a-subarray,false,Medium,2122,61,Algorithms,78.0%,1310,false,Array;Bit Manipulation;Prefix Sum;,true,false,77.95540032240731,226317,290316
1436,"Get Watched Videos by Your Friends",get-watched-videos-by-your-friends,false,Medium,498,463,Algorithms,54.4%,1311,false,Array;Hash Table;Breadth-First Search;Graph Theory;Sorting;,false,false,54.36202392410284,47445,87276
1437,"Minimum Insertion Steps to Make a String Palindrome",minimum-insertion-steps-to-make-a-string-palindrome,false,Hard,5718,79,Algorithms,74.5%,1312,false,String;Dynamic Programming;,true,false,74.51246966640353,356797,478842
1241,"Decompress Run-Length Encoded List",decompress-run-length-encoded-list,false,Easy,1360,1327,Algorithms,86.3%,1313,false,Array;,false,false,86.3098857293987,316550,366760
1242,"Matrix Block Sum",matrix-block-sum,false,Medium,2555,405,Algorithms,77.1%,1314,false,Array;Matrix;Prefix Sum;,false,false,77.11776109318464,122125,158362
1243,"Sum of Nodes with Even-Valued Grandparent",sum-of-nodes-with-even-valued-grandparent,false,Medium,2847,79,Algorithms,86.0%,1315,false,Tree;Depth-First Search;Breadth-First Search;Binary Tree;,true,false,86.01639565785325,190965,222010
1244,"Distinct Echo Substrings",distinct-echo-substrings,false,Hard,346,208,Algorithms,53.9%,1316,false,String;Trie;Rolling Hash;Suffix Array;Hash Function;Suffix Automaton;Suffix Tree;,false,false,53.873551013184674,24353,45204
1440,"Convert Integer to the Sum of Two No-Zero Integers",convert-integer-to-the-sum-of-two-no-zero-integers,false,Easy,874,373,Algorithms,59.1%,1317,false,Math;,true,false,59.11671248527259,215254,364117
1441,"Minimum Flips to Make a OR b Equal to c",minimum-flips-to-make-a-or-b-equal-to-c,false,Medium,2164,114,Algorithms,72.2%,1318,false,Bit Manipulation;,true,false,72.15779396433658,211799,293522
1442,"Number of Operations to Make Network Connected",number-of-operations-to-make-network-connected,false,Medium,5714,86,Algorithms,67.3%,1319,false,Depth-First Search;Breadth-First Search;Union-Find;Graph Theory;,true,false,67.34905026789855,408141,606006
1443,"Minimum Distance to Type a Word Using Two Fingers",minimum-distance-to-type-a-word-using-two-fingers,false,Hard,1382,54,Algorithms,72.3%,1320,false,String;Dynamic Programming;,true,false,72.32715288643948,104465,144434
1452,"Restaurant Growth",restaurant-growth,false,Medium,1250,395,Database,60.0%,1321,false,Database;,false,false,60.04989758180941,299904,499424
1453,"Ads Performance",ads-performance,true,Easy,273,68,Database,58.4%,1322,true,Database;,true,false,58.393579481883116,54278,92952
1448,"Maximum 69 Number",maximum-69-number,false,Easy,3343,242,Algorithms,84.6%,1323,false,Math;Greedy;,true,false,84.62073109929042,512563,605718
1449,"Print Words Vertically",print-words-vertically,false,Medium,831,121,Algorithms,68.2%,1324,false,Array;String;Simulation;,false,false,68.15967875866001,54996,80687
1450,"Delete Leaves With a Given Value",delete-leaves-with-a-given-value,false,Medium,2948,59,Algorithms,77.2%,1325,false,Tree;Depth-First Search;Binary Tree;,true,false,77.19901155106028,268668,348020
1451,"Minimum Number of Taps to Open to Water a Garden",minimum-number-of-taps-to-open-to-water-a-garden,false,Hard,3671,199,Algorithms,51.1%,1326,false,Array;Dynamic Programming;Greedy;,true,false,51.103383344469414,168262,329259
1462,"List the Products Ordered in a Period",list-the-products-ordered-in-a-period,false,Easy,638,48,Database,72.2%,1327,false,Database;,false,false,72.20364590348252,369896,512296
1252,"Break a Palindrome",break-a-palindrome,false,Medium,2470,755,Algorithms,51.6%,1328,false,String;Greedy;,true,false,51.62075679934942,204396,395957
1253,"Sort the Matrix Diagonally",sort-the-matrix-diagonally,false,Medium,3613,239,Algorithms,83.3%,1329,false,Array;Sorting;Matrix;,true,true,83.28699918233852,203720,244600
1255,"Reverse Subarray To Maximize Array Value",reverse-subarray-to-maximize-array-value,false,Hard,498,61,Algorithms,44.7%,1330,false,Array;Math;Greedy;,false,false,44.729091674068535,9568,21391
1256,"Rank Transform of an Array",rank-transform-of-an-array,false,Easy,2642,125,Algorithms,74.0%,1331,false,Array;Hash Table;Sorting;,true,false,73.99688687668397,468257,632806
1454,"Remove Palindromic Subsequences",remove-palindromic-subsequences,false,Easy,1757,1805,Algorithms,77.3%,1332,false,Two Pointers;String;,true,false,77.29773871789388,159020,205724
1455,"Filter Restaurants by Vegan-Friendly, Price and Distance",filter-restaurants-by-vegan-friendly-price-and-distance,false,Medium,322,230,Algorithms,64.6%,1333,false,Array;Sorting;,false,false,64.62533408123535,39172,60614
1456,"Find the City With the Smallest Number of Neighbors at a Threshold Distance",find-the-city-with-the-smallest-number-of-neighbors-at-a-threshold-distance,false,Medium,3734,161,Algorithms,73.9%,1334,false,Dynamic Programming;Graph Theory;Shortest Path;Dijkstra's Algorithm;Bellman–Ford Algorithm;Floyd–Warshall Algorithm;,true,false,73.93293510998087,367476,497040
1457,"Minimum Difficulty of a Job Schedule",minimum-difficulty-of-a-job-schedule,false,Hard,3653,336,Algorithms,59.8%,1335,false,Array;Dynamic Programming;,true,false,59.827929530150335,236154,394722
1467,"Number of Transactions per Visit",number-of-transactions-per-visit,true,Hard,95,327,Database,47.9%,1336,true,Database;,false,false,47.88885621875919,16287,34010
1463,"The K Weakest Rows in a Matrix",the-k-weakest-rows-in-a-matrix,false,Easy,4382,242,Algorithms,74.6%,1337,false,Array;Binary Search;Sorting;Heap (Priority Queue);Matrix;,true,false,74.57487755758666,438066,587418
1464,"Reduce Array Size to The Half",reduce-array-size-to-the-half,false,Medium,3393,155,Algorithms,69.5%,1338,false,Array;Hash Table;Greedy;Sorting;Heap (Priority Queue);,true,false,69.48463215540995,241580,347674
1465,"Maximum Product of Splitted Binary Tree",maximum-product-of-splitted-binary-tree,false,Medium,3605,122,Algorithms,55.8%,1339,false,Tree;Depth-First Search;Binary Tree;,true,false,55.785639344538595,264791,474658
1466,"Jump Game V",jump-game-v,false,Hard,1442,59,Algorithms,75.8%,1340,false,Array;Dynamic Programming;Sorting;,true,false,75.84983418654818,117791,155295
1480,"Movie Rating",movie-rating,false,Medium,1087,246,Database,44.7%,1341,false,Database;,false,false,44.66682828574597,346382,775482
1444,"Number of Steps to Reduce a Number to Zero",number-of-steps-to-reduce-a-number-to-zero,false,Easy,4354,186,Algorithms,86.0%,1342,false,Math;Bit Manipulation;,true,true,85.95325787820218,984130,1144960
1445,"Number of Sub-arrays of Size K and Average Greater than or Equal to Threshold",number-of-sub-arrays-of-size-k-and-average-greater-than-or-equal-to-threshold,false,Medium,1930,113,Algorithms,74.5%,1343,false,Array;Sliding Window;,false,false,74.5134596800005,239793,321812
1446,"Angle Between Hands of a Clock",angle-between-hands-of-a-clock,false,Medium,1707,266,Algorithms,69.9%,1344,false,Math;,true,false,69.93056056606449,281074,401933
1447,"Jump Game IV",jump-game-iv,false,Hard,4176,138,Algorithms,51.1%,1345,false,Array;Hash Table;Breadth-First Search;,true,false,51.109125326289565,246508,482317
1468,"Check If N and Its Double Exist",check-if-n-and-its-double-exist,false,Easy,2552,259,Algorithms,42.1%,1346,false,Array;Hash Table;Two Pointers;Binary Search;Sorting;,true,false,42.08112486073963,660629,1569897
1469,"Minimum Number of Steps to Make Two Strings Anagram",minimum-number-of-steps-to-make-two-strings-anagram,false,Medium,2843,122,Algorithms,82.6%,1347,false,Hash Table;String;Counting;,true,false,82.60418851161992,346627,419624
1470,"Tweet Counts Per Frequency",tweet-counts-per-frequency,false,Medium,225,310,Algorithms,46.6%,1348,false,Hash Table;String;Binary Search;Design;Sorting;Ordered Set;,false,false,46.64675748831175,41705,89406
1471,"Maximum Students Taking Exam",maximum-students-taking-exam,false,Hard,918,20,Algorithms,54.9%,1349,false,Array;Dynamic Programming;Bit Manipulation;Matrix;Bitmask;Maximum Flow;Maximum Matching;Bipartite Graph;Edmonds–Karp Algorithm;MPM Algorithm;Push-Relabel Algorithm;Minimum Cut;Matching (Graph);Flow Network;Dinic's Algorithm;,false,false,54.855481516064685,25849,47122
1481,"Students With Invalid Departments",students-with-invalid-departments,true,Easy,184,9,Database,89.7%,1350,true,Database;,false,false,89.71086976603017,67982,75779
1476,"Count Negative Numbers in a Sorted Matrix",count-negative-numbers-in-a-sorted-matrix,false,Easy,5556,148,Algorithms,79.8%,1351,false,Array;Binary Search;Matrix;,true,false,79.7809435892318,703494,881782
1477,"Product of the Last K Numbers",product-of-the-last-k-numbers,false,Medium,2188,110,Algorithms,63.1%,1352,false,Array;Math;Design;Data Stream;Prefix Sum;,true,false,63.06526309874456,269353,427102
1478,"Maximum Number of Events That Can Be Attended",maximum-number-of-events-that-can-be-attended,false,Medium,4076,639,Algorithms,39.1%,1353,false,Array;Greedy;Sorting;Heap (Priority Queue);,true,false,39.11781403500111,237717,607695
1479,"Construct Target Array With Multiple Sums",construct-target-array-with-multiple-sums,false,Hard,2158,185,Algorithms,37.2%,1354,false,Array;Heap (Priority Queue);,true,false,37.2321507245448,92958,249673
1494,"Activity Participants",activity-participants,true,Medium,153,48,Database,72.0%,1355,true,Database;,true,false,71.9930146256276,36278,50391
1458,"Sort Integers by The Number of 1 Bits",sort-integers-by-the-number-of-1-bits,false,Easy,2887,139,Algorithms,82.5%,1356,false,Array;Bit Manipulation;Sorting;Counting;,true,false,82.45931978066827,408138,494957
1459,"Apply Discount Every n Orders",apply-discount-every-n-orders,false,Medium,222,234,Algorithms,66.2%,1357,false,Array;Hash Table;Design;,false,false,66.18301696623551,31519,47624
1460,"Number of Substrings Containing All Three Characters",number-of-substrings-containing-all-three-characters,false,Medium,4875,94,Algorithms,74.4%,1358,false,Hash Table;String;Sliding Window;,true,false,74.44535753319838,631413,848156
1461,"Count All Valid Pickup and Delivery Options",count-all-valid-pickup-and-delivery-options,false,Hard,3115,235,Algorithms,65.0%,1359,false,Math;Dynamic Programming;Combinatorics;,true,false,64.9559762741277,136998,210909
1274,"Number of Days Between Two Dates",number-of-days-between-two-dates,false,Easy,447,1329,Algorithms,53.7%,1360,false,Math;String;,false,false,53.67551400866405,80042,149122
1275,"Validate Binary Tree Nodes",validate-binary-tree-nodes,false,Medium,2269,525,Algorithms,44.2%,1361,false,Tree;Depth-First Search;Breadth-First Search;Union-Find;Graph Theory;Binary Tree;,true,false,44.244800620802565,140260,317009
1276,"Closest Divisors",closest-divisors,false,Medium,346,101,Algorithms,64.6%,1362,false,Math;Prime Factorization;,false,false,64.58313751292415,34355,53195
1277,"Largest Multiple of Three",largest-multiple-of-three,false,Hard,636,92,Algorithms,33.6%,1363,false,Array;Math;Dynamic Programming;Greedy;Sorting;,false,false,33.591153544020784,27795,82745
1495,"Number of Trusted Contacts of a Customer",number-of-trusted-contacts-of-a-customer,true,Medium,96,403,Database,74.6%,1364,true,Database;,true,false,74.59454746265186,25665,34406
1482,"How Many Numbers Are Smaller Than the Current Number",how-many-numbers-are-smaller-than-the-current-number,false,Easy,6162,171,Algorithms,87.5%,1365,false,Array;Hash Table;Sorting;Counting Sort;,false,false,87.48784752579122,1000681,1143795
1483,"Rank Teams by Votes",rank-teams-by-votes,false,Medium,1579,200,Algorithms,60.1%,1366,false,Array;Hash Table;String;Sorting;Counting;,false,false,60.069893353356626,106400,177127
1484,"Linked List in Binary Tree",linked-list-in-binary-tree,false,Medium,3055,90,Algorithms,52.0%,1367,false,Linked List;Tree;Depth-First Search;Binary Tree;,true,false,52.04453657494611,214411,411976
1485,"Minimum Cost to Make at Least One Valid Path in a Grid",minimum-cost-to-make-at-least-one-valid-path-in-a-grid,false,Hard,2646,36,Algorithms,71.2%,1368,false,Array;Breadth-First Search;Graph Theory;Heap (Priority Queue);Matrix;Shortest Path;0-1 BFS;Dijkstra's Algorithm;,true,false,71.23511970615569,177067,248567
1504,"Get the Second Most Recent Activity",get-the-second-most-recent-activity,true,Hard,169,13,Database,67.3%,1369,true,Database;,false,false,67.27408142999008,27098,40280
1472,"Increasing Decreasing String",increasing-decreasing-string,false,Easy,850,879,Algorithms,77.4%,1370,false,Hash Table;String;Counting;,false,false,77.43328832424449,103797,134047
1473,"Find the Longest Substring Containing Vowels in Even Counts",find-the-longest-substring-containing-vowels-in-even-counts,false,Medium,2599,142,Algorithms,75.6%,1371,false,Hash Table;String;Bit Manipulation;Prefix Sum;,true,false,75.59045684221492,145110,191969
1474,"Longest ZigZag Path in a Binary Tree",longest-zigzag-path-in-a-binary-tree,false,Medium,3806,87,Algorithms,67.4%,1372,false,Dynamic Programming;Tree;Depth-First Search;Binary Tree;DP on Trees;,true,false,67.42334963888578,307230,455673
1475,"Maximum Sum BST in Binary Tree",maximum-sum-bst-in-binary-tree,false,Hard,3123,201,Algorithms,49.1%,1373,false,Dynamic Programming;Tree;Depth-First Search;Binary Search Tree;Binary Tree;DP on Trees;,false,false,49.07087287829887,153715,313251
1490,"Generate a String With Characters That Have Odd Counts",generate-a-string-with-characters-that-have-odd-counts,false,Easy,536,1288,Algorithms,78.7%,1374,false,String;,false,false,78.69433967249499,119133,151387
1491,"Number of Times Binary String Is Prefix-Aligned",number-of-times-binary-string-is-prefix-aligned,false,Medium,975,139,Algorithms,66.2%,1375,false,Array;,false,false,66.23473577560924,62105,93765
1492,"Time Needed to Inform All Employees",time-needed-to-inform-all-employees,false,Medium,4292,333,Algorithms,60.6%,1376,false,Tree;Depth-First Search;Breadth-First Search;,true,false,60.62048298959986,268242,442494
1493,"Frog Position After T Seconds",frog-position-after-t-seconds,false,Hard,862,151,Algorithms,38.9%,1377,false,Tree;Depth-First Search;Breadth-First Search;Graph Theory;,false,false,38.85784391990118,46242,119003
1509,"Replace Employee ID With The Unique Identifier",replace-employee-id-with-the-unique-identifier,false,Easy,2194,173,Database,83.9%,1378,false,Database;,true,false,83.89793038386503,1504733,1793527
1498,"Find a Corresponding Node of a Binary Tree in a Clone of That Tree",find-a-corresponding-node-of-a-binary-tree-in-a-clone-of-that-tree,false,Easy,1824,2021,Algorithms,85.9%,1379,false,Tree;Depth-First Search;Breadth-First Search;Binary Tree;,true,false,85.87445858725631,271821,316533
1496,"Lucky Numbers in a Matrix",lucky-numbers-in-a-matrix,false,Easy,2392,124,Algorithms,80.3%,1380,false,Array;Matrix;,true,false,80.30823923683795,315356,392682
1497,"Design a Stack With Increment Operation",design-a-stack-with-increment-operation,false,Medium,2401,112,Algorithms,79.9%,1381,false,Array;Stack;Design;,true,false,79.94954863945777,272249,340526
1285,"Balance a Binary Search Tree",balance-a-binary-search-tree,false,Medium,4221,105,Algorithms,86.3%,1382,false,Divide and Conquer;Greedy;Tree;Depth-First Search;Binary Search Tree;Binary Tree;,true,false,86.28615527087513,419286,485925
1499,"Maximum Performance of a Team",maximum-performance-of-a-team,false,Hard,3247,87,Algorithms,48.2%,1383,false,Array;Greedy;Sorting;Heap (Priority Queue);,true,false,48.181566542311685,116622,242048
1518,"Total Sales Amount by Year",total-sales-amount-by-year,true,Hard,236,133,Database,61.2%,1384,true,Database;,false,false,61.16330560708515,20442,33422
1486,"Find the Distance Value Between Two Arrays",find-the-distance-value-between-two-arrays,false,Easy,1054,3180,Algorithms,72.4%,1385,false,Array;Two Pointers;Binary Search;Sorting;,false,false,72.39331627657222,160432,221612
1487,"Cinema Seat Allocation",cinema-seat-allocation,false,Medium,1379,445,Algorithms,57.0%,1386,false,Array;Hash Table;Greedy;Bit Manipulation;,true,false,57.000567317362496,176832,310230
1488,"Sort Integers by The Power Value",sort-integers-by-the-power-value,false,Medium,1520,123,Algorithms,71.8%,1387,false,Dynamic Programming;Memoization;Sorting;,false,false,71.83843237699112,126774,176471
1489,"Pizza With 3n Slices",pizza-with-3n-slices,false,Hard,1156,24,Algorithms,54.5%,1388,false,Array;Dynamic Programming;Greedy;Heap (Priority Queue);,false,false,54.497649589674126,41040,75306
1505,"Create Target Array in the Given Order",create-target-array-in-the-given-order,false,Easy,2336,1923,Algorithms,86.7%,1389,false,Array;Simulation;,false,false,86.65758966575636,332869,384120
1284,"Four Divisors",four-divisors,false,Medium,902,223,Algorithms,56.5%,1390,false,Array;Math;Prime Factorization;Sieve Theory;,true,false,56.5250570263358,204437,361675
1507,"Check if There is a Valid Path in a Grid",check-if-there-is-a-valid-path-in-a-grid,false,Medium,1090,351,Algorithms,64.5%,1391,false,Array;Depth-First Search;Breadth-First Search;Union-Find;Matrix;,true,false,64.53680967383248,111437,172672
1508,"Longest Happy Prefix",longest-happy-prefix,false,Hard,1636,50,Algorithms,54.0%,1392,false,String;Rolling Hash;String Matching;Hash Function;Z Algorithm;Knuth–Morris–Pratt Algorithm;,false,false,54.041677362572884,117893,218152
1523,"Capital Gain/Loss",capital-gainloss,false,Medium,945,52,Database,84.6%,1393,false,Database;,true,false,84.59574429488808,186536,220503
1510,"Find Lucky Integer in an Array",find-lucky-integer-in-an-array,false,Easy,1660,46,Algorithms,75.7%,1394,false,Array;Hash Table;Counting;,true,false,75.65920675923161,362309,478870
1511,"Count Number of Teams",count-number-of-teams,false,Medium,3480,238,Algorithms,70.2%,1395,false,Array;Dynamic Programming;Binary Indexed Tree;Segment Tree;,true,false,70.20591150761467,249304,355104
1512,"Design Underground System",design-underground-system,false,Medium,3621,179,Algorithms,74.7%,1396,false,Hash Table;String;Design;,true,false,74.72260685186694,284391,380596
1513,"Find All Good Strings",find-all-good-strings,false,Hard,543,131,Algorithms,46.4%,1397,false,String;Dynamic Programming;String Matching;,false,false,46.40543179195882,10457,22534
1536,"Customers Who Bought Products A and B but Not C",customers-who-bought-products-a-and-b-but-not-c,true,Medium,329,18,Database,71.4%,1398,true,Database;,true,false,71.37519439339164,70680,99026
1500,"Count Largest Group",count-largest-group,false,Easy,814,1196,Algorithms,74.7%,1399,false,Hash Table;Math;Counting;,true,false,74.65343378505509,192037,257238
1502,"Construct K Palindrome Strings",construct-k-palindrome-strings,false,Medium,1802,162,Algorithms,68.5%,1400,false,Hash Table;String;Greedy;Counting;,true,false,68.50762868410793,214359,312898
1928,"Number of Orders in the Backlog",number-of-orders-in-the-backlog,false,Medium,352,248,Algorithms,54.7%,1801,false,Array;Heap (Priority Queue);Simulation;,false,false,54.665331330328826,42575,77883
1929,"Maximum Value at a Given Index in a Bounded Array",maximum-value-at-a-given-index-in-a-bounded-array,false,Medium,2758,479,Algorithms,38.9%,1802,false,Math;Binary Search;Greedy;,true,false,38.869746747358874,92166,237115
1907,"Count Pairs With XOR in a Range",count-pairs-with-xor-in-a-range,false,Hard,566,24,Algorithms,46.8%,1803,false,Array;Bit Manipulation;Trie;,false,false,46.836340434582254,13212,28210
1949,"Implement Trie II (Prefix Tree)",implement-trie-ii-prefix-tree,true,Medium,357,19,Algorithms,63.5%,1804,true,Hash Table;String;Design;Trie;,true,false,63.53360035603026,28552,44940
1933,"Number of Different Integers in a String",number-of-different-integers-in-a-string,false,Easy,671,106,Algorithms,40.7%,1805,false,Hash Table;String;,false,false,40.69801067559914,67552,165985
1935,"Minimum Number of Operations to Reinitialize a Permutation",minimum-number-of-operations-to-reinitialize-a-permutation,false,Medium,330,177,Algorithms,72.9%,1806,false,Array;Math;Simulation;,false,false,72.9504785684561,24541,33641
1934,"Evaluate the Bracket Pairs of a String",evaluate-the-bracket-pairs-of-a-string,false,Medium,761,46,Algorithms,81.0%,1807,false,Array;Hash Table;String;,true,false,80.95522917082032,146173,180561
1936,"Maximize Number of Nice Divisors",maximize-number-of-nice-divisors,false,Hard,239,173,Algorithms,37.3%,1808,false,Math;Recursion;Number Theory;,false,false,37.321610183392934,11376,30480
1958,"Ad-Free Sessions",ad-free-sessions,true,Easy,99,61,Database,59.1%,1809,true,Database;,false,false,59.127913787044626,20191,34148
1959,"Minimum Path Cost in a Hidden Grid",minimum-path-cost-in-a-hidden-grid,true,Medium,96,33,Algorithms,59.1%,1810,true,Array;Depth-First Search;Breadth-First Search;Graph Theory;Heap (Priority Queue);Matrix;Interactive;Shortest Path;,false,false,59.120073327222734,5805,9819
1964,"Find Interview Candidates",find-interview-candidates,true,Medium,212,30,Database,60.8%,1811,true,Database;,false,false,60.82271986479145,20153,33134
1920,"Determine Color of a Chessboard Square",determine-color-of-a-chessboard-square,false,Easy,913,24,Algorithms,80.2%,1812,false,Math;String;,false,false,80.17146017699115,127556,159104
1923,"Sentence Similarity III",sentence-similarity-iii,false,Medium,1079,164,Algorithms,48.4%,1813,false,Array;Two Pointers;String;,true,false,48.39238809970517,135414,279825
1925,"Count Nice Pairs in an Array",count-nice-pairs-in-an-array,false,Medium,2084,94,Algorithms,48.5%,1814,false,Array;Hash Table;Math;Counting;,true,false,48.45267970710578,140944,290890
1924,"Maximum Number of Groups Getting Fresh Donuts",maximum-number-of-groups-getting-fresh-donuts,false,Hard,362,34,Algorithms,41.9%,1815,false,Array;Dynamic Programming;Bit Manipulation;Memoization;Bitmask;,false,false,41.89820165503213,9062,21630
1944,"Truncate Sentence",truncate-sentence,false,Easy,1244,34,Algorithms,87.1%,1816,false,Array;String;,false,false,87.13130985005306,252131,289369
1945,"Finding the Users Active Minutes",finding-the-users-active-minutes,false,Medium,869,320,Algorithms,81.0%,1817,false,Array;Hash Table;,false,false,81.01711761457759,73360,90549
1946,"Minimum Absolute Sum Difference",minimum-absolute-sum-difference,false,Medium,1117,81,Algorithms,32.9%,1818,false,Array;Binary Search;Sorting;Ordered Set;,false,false,32.93768545994065,34742,105480
1947,"Number of Different Subsequences GCDs",number-of-different-subsequences-gcds,false,Hard,447,49,Algorithms,47.3%,1819,false,Array;Math;Counting;Number Theory;Euclidean Algorithm;Greatest Common Divisor;,false,false,47.334196155181665,14994,31678
1969,"Maximum Number of Accepted Invitations",maximum-number-of-accepted-invitations,true,Medium,238,68,Algorithms,52.8%,1820,true,Array;Depth-First Search;Graph Theory;Matrix;Maximum Flow;Maximum Matching;Bipartite Graph;Edmonds–Karp Algorithm;MPM Algorithm;Push-Relabel Algorithm;Matching (Graph);Flow Network;Dinic's Algorithm;,false,false,52.778032877215544,11494,21778
1974,"Find Customers With Positive Revenue this Year",find-customers-with-positive-revenue-this-year,true,Easy,66,26,Database,87.6%,1821,true,Database;,false,false,87.58547298827152,38683,44166
1950,"Sign of the Product of an Array",sign-of-the-product-of-an-array,false,Easy,2324,234,Algorithms,64.6%,1822,false,Array;Math;,true,false,64.63874598625833,468034,724076
1951,"Find the Winner of the Circular Game",find-the-winner-of-the-circular-game,false,Medium,4162,132,Algorithms,82.4%,1823,false,Array;Math;Recursion;Queue;Simulation;,true,false,82.36374619881843,402211,488335
1952,"Minimum Sideway Jumps",minimum-sideway-jumps,false,Medium,1294,52,Algorithms,52.0%,1824,false,Array;Dynamic Programming;Greedy;,false,false,52.03444832750874,62535,120179
1953,"Finding MK Average",finding-mk-average,false,Hard,532,142,Algorithms,39.1%,1825,false,Design;Queue;Heap (Priority Queue);Data Stream;Ordered Set;Treap;,false,false,39.0888090349076,30457,77919
1980,"Faulty Sensor",faulty-sensor,true,Easy,72,87,Algorithms,50.2%,1826,true,Array;Two Pointers;,false,false,50.223432481497,7193,14322
1938,"Minimum Operations to Make the Array Increasing",minimum-operations-to-make-the-array-increasing,false,Easy,1338,69,Algorithms,82.5%,1827,false,Array;Greedy;,false,false,82.48872989884944,147116,178347
1939,"Queries on Number of Points Inside a Circle",queries-on-number-of-points-inside-a-circle,false,Medium,1204,92,Algorithms,86.9%,1828,false,Array;Math;Geometry;,false,false,86.90981936241495,100651,115811
1940,"Maximum XOR for Each Query",maximum-xor-for-each-query,false,Medium,1279,195,Algorithms,84.6%,1829,false,Array;Bit Manipulation;Prefix Sum;,true,false,84.6171422043241,148134,175064
1941,"Minimum Number of Operations to Make String Sorted",minimum-number-of-operations-to-make-string-sorted,false,Hard,191,132,Algorithms,50.8%,1830,false,Hash Table;Math;String;Combinatorics;Counting;Fermat's Little Theorem;,false,false,50.844340411302454,6082,11961
1981,"Maximum Transaction Each Day",maximum-transaction-each-day,true,Medium,97,3,Database,82.5%,1831,true,Database;,false,false,82.48333898113633,29209,35412
1960,"Check if the Sentence Is Pangram",check-if-the-sentence-is-pangram,false,Easy,3075,68,Algorithms,84.4%,1832,false,Hash Table;String;,true,false,84.37408913039499,599202,710173
1961,"Maximum Ice Cream Bars",maximum-ice-cream-bars,false,Medium,2513,689,Algorithms,77.3%,1833,false,Array;Greedy;Sorting;Counting Sort;,true,false,77.27064409901924,345636,447306
1962,"Single-Threaded CPU",single-threaded-cpu,false,Medium,3584,294,Algorithms,48.3%,1834,false,Array;Sorting;Heap (Priority Queue);,true,false,48.255080588647516,172150,356748
1963,"Find XOR Sum of All Pairs Bitwise AND",find-xor-sum-of-all-pairs-bitwise-and,false,Hard,635,51,Algorithms,63.0%,1835,false,Array;Math;Bit Manipulation;,false,false,62.980075079410916,28352,45018
1982,"Remove Duplicates From an Unsorted Linked List",remove-duplicates-from-an-unsorted-linked-list,true,Medium,408,12,Algorithms,75.7%,1836,true,Hash Table;Linked List;,true,false,75.74845850976895,40786,53844
1965,"Sum of Digits in Base K",sum-of-digits-in-base-k,false,Easy,576,52,Algorithms,79.4%,1837,false,Math;,false,false,79.42801915389009,90401,113815
1966,"Frequency of the Most Frequent Element",frequency-of-the-most-frequent-element,false,Medium,5973,319,Algorithms,45.3%,1838,false,Array;Binary Search;Greedy;Sliding Window;Sorting;Prefix Sum;,true,false,45.263701895232074,304792,673371
1967,"Longest Substring Of All Vowels in Order",longest-substring-of-all-vowels-in-order,false,Medium,867,31,Algorithms,52.5%,1839,false,String;Sliding Window;,false,false,52.50471121787571,50707,96577
1968,"Maximum Building Height",maximum-building-height,false,Hard,751,38,Algorithms,66.9%,1840,false,Array;Math;Sorting;,true,false,66.90345267033251,85047,127119
1991,"League Statistics",league-statistics,true,Medium,115,98,Database,53.4%,1841,true,Database;,true,false,53.40236217979165,16865,31581
1997,"Next Palindrome Using Same Digits",next-palindrome-using-same-digits,true,Hard,126,19,Algorithms,54.3%,1842,true,Two Pointers;String;,false,false,54.29473209588939,7225,13307
1998,"Suspicious Bank Accounts",suspicious-bank-accounts,true,Medium,104,59,Database,44.1%,1843,true,Database;,true,false,44.072418543195305,15677,35571
1954,"Replace All Digits with Characters",replace-all-digits-with-characters,false,Easy,909,118,Algorithms,83.0%,1844,false,String;,false,false,82.99085515214196,121968,146966
1955,"Seat Reservation Manager",seat-reservation-manager,false,Medium,1491,93,Algorithms,67.5%,1845,false,Design;Heap (Priority Queue);,true,false,67.50831463812774,154671,229114
1956,"Maximum Element After Decreasing and Rearranging",maximum-element-after-decreasing-and-rearranging,false,Medium,1352,292,Algorithms,69.2%,1846,false,Array;Greedy;Sorting;,true,false,69.15285227459104,227683,329246
1957,"Closest Room",closest-room,false,Hard,543,21,Algorithms,42.2%,1847,false,Array;Binary Search;Sorting;Ordered Set;,false,false,42.21883242762259,13285,31467
1975,"Minimum Distance to the Target Element",minimum-distance-to-the-target-element,false,Easy,639,87,Algorithms,64.3%,1848,false,Array;,true,false,64.28705219635374,185337,288296
1976,"Splitting a String Into Descending Consecutive Values",splitting-a-string-into-descending-consecutive-values,false,Medium,565,128,Algorithms,37.9%,1849,false,String;Backtracking;Enumeration;,false,false,37.86054210635216,36596,96660
1978,"Minimum Adjacent Swaps to Reach the Kth Smallest Number",minimum-adjacent-swaps-to-reach-the-kth-smallest-number,false,Medium,821,124,Algorithms,71.9%,1850,false,Two Pointers;String;Greedy;,false,false,71.91917714731403,29507,41028
1977,"Minimum Interval to Include Each Query",minimum-interval-to-include-each-query,false,Hard,1208,51,Algorithms,55.3%,1851,false,Array;Binary Search;Sweep Line;Sorting;Heap (Priority Queue);,false,false,55.30682923842119,81285,146971
2003,"Distinct Numbers in Each Subarray",distinct-numbers-in-each-subarray,true,Medium,157,10,Algorithms,77.2%,1852,true,Array;Hash Table;Sliding Window;,true,false,77.24510767581091,17289,22382
2004,"Convert Date Format",convert-date-format,true,Easy,69,42,Database,84.6%,1853,true,Database;,false,false,84.58970935606449,16473,19474
1983,"Maximum Population Year",maximum-population-year,false,Easy,1594,297,Algorithms,64.8%,1854,false,Array;Counting;Prefix Sum;,false,false,64.80070223037944,129926,200501
1984,"Maximum Distance Between a Pair of Values",maximum-distance-between-a-pair-of-values,false,Medium,1604,37,Algorithms,61.2%,1855,false,Array;Two Pointers;Binary Search;,true,false,61.2309109869859,171449,280004
1985,"Maximum Subarray Min-Product",maximum-subarray-min-product,false,Medium,1602,147,Algorithms,41.0%,1856,false,Array;Stack;Monotonic Stack;Prefix Sum;Cartesian Tree;,false,false,41.013289036544855,44442,108360
1986,"Largest Color Value in a Directed Graph",largest-color-value-in-a-directed-graph,false,Hard,2684,88,Algorithms,57.2%,1857,false,Hash Table;String;Dynamic Programming;Graph Theory;Topological Sort;Memoization;Counting;Directed Acyclic Graph;,true,false,57.15039790618138,155908,272803
2009,"Longest Word With All Prefixes",longest-word-with-all-prefixes,true,Medium,209,7,Algorithms,73.1%,1858,true,Array;String;Depth-First Search;Trie;,true,false,73.12855618776672,16451,22496
1970,"Sorting the Sentence",sorting-the-sentence,false,Easy,2424,84,Algorithms,84.2%,1859,false,String;Sorting;Bubble Sort;,false,false,84.2433775497936,252254,299435
1971,"Incremental Memory Leak",incremental-memory-leak,false,Medium,237,93,Algorithms,73.0%,1860,false,Math;Simulation;,false,false,72.95974743488556,27732,38010
1972,"Rotating the Box",rotating-the-box,false,Medium,1862,90,Algorithms,82.5%,1861,false,Array;Two Pointers;Matrix;,true,false,82.4905671722562,274376,332615
1326,"Sum of Floored Pairs",sum-of-floored-pairs,false,Hard,472,39,Algorithms,31.7%,1862,false,Array;Math;Binary Search;Counting;Enumeration;Prefix Sum;,false,false,31.69114501639812,13335,42078
1993,"Sum of All Subset XOR Totals",sum-of-all-subset-xor-totals,false,Easy,2744,361,Algorithms,90.2%,1863,false,Array;Math;Backtracking;Bit Manipulation;Combinatorics;Enumeration;,true,false,90.15085643693726,379472,420930
1994,"Minimum Number of Swaps to Make the Binary String Alternating",minimum-number-of-swaps-to-make-the-binary-string-alternating,false,Medium,636,38,Algorithms,44.2%,1864,false,String;Greedy;,false,false,44.19753086419753,37948,85859
1995,"Finding Pairs With a Certain Sum",finding-pairs-with-a-certain-sum,false,Medium,1051,146,Algorithms,61.5%,1865,false,Array;Hash Table;Design;,true,false,61.532067347456184,148048,240603
1996,"Number of Ways to Rearrange Sticks With K Sticks Visible",number-of-ways-to-rearrange-sticks-with-k-sticks-visible,false,Hard,788,26,Algorithms,63.0%,1866,false,Math;Dynamic Programming;Combinatorics;,false,false,62.95498700873107,26895,42721
2014,"Orders With Maximum Quantity Above Average",orders-with-maximum-quantity-above-average,true,Medium,79,284,Database,70.5%,1867,true,Database;,false,false,70.51259529916032,20070,28463
2019,"Product of Two Run-Length Encoded Arrays",product-of-two-run-length-encoded-arrays,true,Medium,416,84,Algorithms,59.6%,1868,true,Array;Two Pointers;,false,false,59.63175168270568,64320,107862
1999,"Longer Contiguous Segments of Ones than Zeros",longer-contiguous-segments-of-ones-than-zeros,false,Easy,587,14,Algorithms,62.8%,1869,false,String;,false,false,62.785254534815685,70818,112794
2000,"Minimum Speed to Arrive on Time",minimum-speed-to-arrive-on-time,false,Medium,2504,293,Algorithms,48.3%,1870,false,Array;Binary Search;,true,false,48.25722170986049,139709,289509
2001,"Jump Game VII",jump-game-vii,false,Medium,2106,132,Algorithms,35.7%,1871,false,String;Dynamic Programming;Sliding Window;Prefix Sum;,true,false,35.69370554407383,152501,427249
2002,"Stone Game VIII",stone-game-viii,false,Hard,709,45,Algorithms,74.8%,1872,false,Array;Math;Dynamic Programming;Minimax;Prefix Sum;Game Theory;Zero-Sum Game;,true,false,74.84961767204757,88098,117700
2024,"Calculate Special Bonus",calculate-special-bonus,false,Easy,1208,83,Database,57.2%,1873,false,Database;,true,false,57.202269763507566,373287,652573
2029,"Minimize Product Sum of Two Arrays",minimize-product-sum-of-two-arrays,true,Medium,257,28,Algorithms,89.7%,1874,true,Array;Greedy;Sorting;,true,false,89.73423658155289,25830,28785
2030,"Group Employees of the Same Salary",group-employees-of-the-same-salary,true,Medium,79,6,Database,65.2%,1875,true,Database;,false,false,65.20578329088967,15875,24346
1987,"Substrings of Size Three with Distinct Characters",substrings-of-size-three-with-distinct-characters,false,Easy,1752,59,Algorithms,77.2%,1876,false,Hash Table;String;Sliding Window;Counting;,false,false,77.20967027999359,245946,318543
1988,"Minimize Maximum Pair Sum in Array",minimize-maximum-pair-sum-in-array,false,Medium,2404,557,Algorithms,83.3%,1877,false,Array;Two Pointers;Greedy;Sorting;,true,false,83.26046834927256,347371,417210
1990,"Get Biggest Three Rhombus Sums in a Grid",get-biggest-three-rhombus-sums-in-a-grid,false,Medium,481,604,Algorithms,71.3%,1878,false,Array;Math;Sorting;Heap (Priority Queue);Matrix;Prefix Sum;,true,false,71.31825530111594,90878,127426
1989,"Minimum XOR Sum of Two Arrays",minimum-xor-sum-of-two-arrays,false,Hard,736,13,Algorithms,52.3%,1879,false,Array;Dynamic Programming;Bit Manipulation;Bitmask;Hungarian Algorithm;Bipartite Graph;Successive Shortest Path Algorithm;,false,false,52.31124807395994,23086,44132
2010,"Check if Word Equals Summation of Two Words",check-if-word-equals-summation-of-two-words,false,Easy,615,42,Algorithms,75.5%,1880,false,String;,false,false,75.51158025780013,87345,115671
2011,"Maximum Value after Insertion",maximum-value-after-insertion,false,Medium,402,67,Algorithms,39.7%,1881,false,String;Greedy;,false,false,39.74148061104582,35511,89355
2012,"Process Tasks Using Servers",process-tasks-using-servers,false,Medium,1060,291,Algorithms,42.2%,1882,false,Array;Heap (Priority Queue);,false,false,42.213762568792156,51009,120835
2013,"Minimum Skips to Arrive at Meeting On Time",minimum-skips-to-arrive-at-meeting-on-time,false,Hard,356,54,Algorithms,39.2%,1883,false,Array;Dynamic Programming;,false,false,39.20803832619663,9248,23587
2031,"Egg Drop With 2 Eggs and N Floors",egg-drop-with-2-eggs-and-n-floors,false,Medium,1560,164,Algorithms,74.8%,1884,false,Math;Dynamic Programming;,false,false,74.82218906231279,68695,91811
2036,"Count Pairs in Two Arrays",count-pairs-in-two-arrays,true,Medium,246,24,Algorithms,60.3%,1885,true,Array;Two Pointers;Binary Search;Sorting;,true,false,60.28486415296814,12359,20501
2015,"Determine Whether Matrix Can Be Obtained By Rotation",determine-whether-matrix-can-be-obtained-by-rotation,false,Easy,1876,174,Algorithms,68.6%,1886,false,Array;Matrix;,true,false,68.59458754572721,199886,291402
2016,"Reduction Operations to Make the Array Elements Equal",reduction-operations-to-make-the-array-elements-equal,false,Medium,1294,52,Algorithms,72.7%,1887,false,Array;Sorting;,true,false,72.74979252853123,116591,160263
2017,"Minimum Number of Flips to Make the Binary String Alternating",minimum-number-of-flips-to-make-the-binary-string-alternating,false,Medium,1838,122,Algorithms,53.7%,1888,false,String;Dynamic Programming;Sliding Window;,true,false,53.67018972183395,131317,244674
2018,"Minimum Space Wasted From Packaging",minimum-space-wasted-from-packaging,false,Hard,431,39,Algorithms,33.9%,1889,false,Array;Binary Search;Sorting;Prefix Sum;,false,false,33.92246799015354,19155,56467
2041,"The Latest Login in 2020",the-latest-login-in-2020,false,Easy,483,20,Database,77.3%,1890,false,Database;,true,false,77.31376396508088,165879,214553
2045,"Cutting Ribbons",cutting-ribbons,true,Medium,631,71,Algorithms,53.1%,1891,true,Array;Binary Search;,true,false,53.09507390639523,88544,166765
2046,"Page Recommendations II",page-recommendations-ii,true,Hard,93,24,Database,46.0%,1892,true,Database;,false,false,46.03668798384382,10942,23768
2005,"Check if All the Integers in a Range Are Covered",check-if-all-the-integers-in-a-range-are-covered,false,Easy,691,128,Algorithms,51.5%,1893,false,Array;Hash Table;Prefix Sum;,false,false,51.46516457489738,74098,143977
2006,"Find the Student that Will Replace the Chalk",find-the-student-that-will-replace-the-chalk,false,Medium,1223,135,Algorithms,53.2%,1894,false,Array;Binary Search;Simulation;Prefix Sum;,true,false,53.192180227913475,206408,388042
1311,"Largest Magic Square",largest-magic-square,false,Medium,612,335,Algorithms,75.2%,1895,false,Array;Matrix;Prefix Sum;,true,false,75.20779263444922,91570,121756
2008,"Minimum Cost to Change the Final Value of Expression",minimum-cost-to-change-the-final-value-of-expression,false,Hard,249,43,Algorithms,50.2%,1896,false,Math;String;Dynamic Programming;Stack;,false,false,50.22506925207756,5802,11552
2025,"Redistribute Characters to Make All Strings Equal",redistribute-characters-to-make-all-strings-equal,false,Easy,1177,86,Algorithms,66.9%,1897,false,Hash Table;String;Counting;,true,false,66.92758493504365,163310,244010
2027,"Maximum Number of Removable Characters",maximum-number-of-removable-characters,false,Medium,1068,137,Algorithms,48.0%,1898,false,Array;Two Pointers;String;Binary Search;,false,false,47.95318611726236,46341,96638
2026,"Merge Triplets to Form Target Triplet",merge-triplets-to-form-target-triplet,false,Medium,976,84,Algorithms,69.5%,1899,false,Array;Greedy;,false,false,69.52743727205275,133063,191382
2028,"The Earliest and Latest Rounds Where Players Compete",the-earliest-and-latest-rounds-where-players-compete,false,Hard,527,80,Algorithms,72.0%,1900,false,Dynamic Programming;Memoization;,true,false,71.96191172940411,62953,87481
1312,"Count Artifacts That Can Be Extracted",count-artifacts-that-can-be-extracted,false,Medium,230,205,Algorithms,57.5%,2201,false,Array;Hash Table;Simulation;,false,false,57.49899286712955,24264,42199
1346,"Maximize the Topmost Element After K Moves",maximize-the-topmost-element-after-k-moves,false,Medium,660,338,Algorithms,24.2%,2202,false,Array;Greedy;,false,false,24.22557773888279,40831,168545
2321,"Minimum Weighted Subgraph With the Required Paths",minimum-weighted-subgraph-with-the-required-paths,false,Hard,817,23,Algorithms,43.7%,2203,false,Graph Theory;Heap (Priority Queue);Shortest Path;,false,false,43.692188890194565,26027,59569
1347,"Distance to a Cycle in Undirected Graph",distance-to-a-cycle-in-undirected-graph,true,Hard,160,11,Algorithms,73.6%,2204,true,Depth-First Search;Breadth-First Search;Graph Theory;Topological Sort;,true,false,73.59857035364936,7825,10632
2336,"The Number of Users That Are Eligible for Discount",the-number-of-users-that-are-eligible-for-discount,true,Easy,32,77,Database,50.6%,2205,true,Database;,false,false,50.6268081002893,8925,17629
2308,"Divide Array Into Equal Pairs",divide-array-into-equal-pairs,false,Easy,1220,51,Algorithms,79.2%,2206,false,Array;Hash Table;Bit Manipulation;Counting;,true,false,79.24447723930193,313591,395726
2309,"Maximize Number of Subsequences in a String",maximize-number-of-subsequences-in-a-string,false,Medium,535,37,Algorithms,36.4%,2207,false,String;Greedy;Prefix Sum;,false,false,36.390388128809114,26093,71703
2310,"Minimum Operations to Halve Array Sum",minimum-operations-to-halve-array-sum,false,Medium,685,32,Algorithms,50.6%,2208,false,Array;Greedy;Heap (Priority Queue);,false,false,50.556948533587274,57869,114463
2311,"Minimum White Tiles After Covering With Carpets",minimum-white-tiles-after-covering-with-carpets,false,Hard,527,17,Algorithms,39.6%,2209,false,String;Dynamic Programming;Prefix Sum;,false,false,39.56321258975476,17246,43591
2316,"Count Hills and Valleys in an Array",count-hills-and-valleys-in-an-array,false,Easy,1170,144,Algorithms,69.1%,2210,false,Array;,true,false,69.11997789766036,190138,275084
2317,"Count Collisions on a Road",count-collisions-on-a-road,false,Medium,1137,277,Algorithms,58.1%,2211,false,String;Stack;Simulation;,true,false,58.052730367977645,132993,229090
2318,"Maximum Points in an Archery Competition",maximum-points-in-an-archery-competition,false,Medium,521,57,Algorithms,52.5%,2212,false,Array;Backtracking;Bit Manipulation;Enumeration;,false,false,52.49883117202687,21335,40639
2319,"Longest Substring of One Repeating Character",longest-substring-of-one-repeating-character,false,Hard,578,95,Algorithms,65.5%,2213,false,Array;String;Segment Tree;Ordered Set;,true,false,65.46319863324152,75101,114723
2354,"Minimum Health to Beat Game",minimum-health-to-beat-game,true,Medium,327,240,Algorithms,58.8%,2214,true,Array;Greedy;,true,false,58.82235071849774,41098,69868
1392,"Find the Difference of Two Arrays",find-the-difference-of-two-arrays,false,Easy,2674,129,Algorithms,81.7%,2215,false,Array;Hash Table;,true,false,81.67693769480964,698860,855639
1355,"Minimum Deletions to Make Array Beautiful",minimum-deletions-to-make-array-beautiful,false,Medium,846,96,Algorithms,50.5%,2216,false,Array;Stack;Greedy;,false,false,50.512351866045634,42837,84805
1375,"Find Palindrome With Fixed Length",find-palindrome-with-fixed-length,false,Medium,672,297,Algorithms,38.3%,2217,false,Array;Math;,false,false,38.30253142849605,29036,75807
1393,"Maximum Value of K Coins From Piles",maximum-value-of-k-coins-from-piles,false,Hard,2488,39,Algorithms,60.5%,2218,false,Array;Dynamic Programming;Prefix Sum;,true,false,60.52883061399441,86141,142314
2369,"Maximum Sum Score of Array",maximum-sum-score-of-array,true,Medium,73,19,Algorithms,62.4%,2219,true,Array;Prefix Sum;,false,false,62.40179573512907,6116,9801
2323,"Minimum Bit Flips to Convert Number",minimum-bit-flips-to-convert-number,false,Easy,1668,40,Algorithms,88.0%,2220,false,Bit Manipulation;,true,false,88.00766453692366,416124,472827
2324,"Find Triangular Sum of an Array",find-triangular-sum-of-an-array,false,Medium,1568,78,Algorithms,82.0%,2221,false,Array;Math;Simulation;Combinatorics;Number Theory;,true,false,81.99653893695921,248755,303373
2325,"Number of Ways to Select Buildings",number-of-ways-to-select-buildings,false,Medium,1078,54,Algorithms,51.0%,2222,false,String;Dynamic Programming;Prefix Sum;,false,false,51.02668475802804,56410,110550
2326,"Sum of Scores of Built Strings",sum-of-scores-of-built-strings,false,Hard,312,191,Algorithms,51.0%,2223,false,String;Binary Search;Rolling Hash;Suffix Array;String Matching;Hash Function;Z Algorithm;Knuth–Morris–Pratt Algorithm;,false,false,51.01706931341005,18709,36673
2345,"Minimum Number of Operations to Convert Time",minimum-number-of-operations-to-convert-time,false,Easy,506,39,Algorithms,66.6%,2224,false,String;Greedy;,false,false,66.64191720734716,58341,87544
1354,"Find Players With Zero or One Losses",find-players-with-zero-or-one-losses,false,Medium,2300,160,Algorithms,72.4%,2225,false,Array;Hash Table;Sorting;Counting;,true,false,72.37949671184485,328642,454054
1335,"Maximum Candies Allocated to K Children",maximum-candies-allocated-to-k-children,false,Medium,1892,87,Algorithms,49.9%,2226,false,Array;Binary Search;,true,false,49.89939229335944,221207,443306
1433,"Encrypt and Decrypt Strings",encrypt-and-decrypt-strings,false,Hard,357,81,Algorithms,39.0%,2227,false,Array;Hash Table;String;Design;Trie;,false,false,39.00408061809972,18830,48277
2370,"Users With Two Purchases Within Seven Days",users-with-two-purchases-within-seven-days,true,Medium,68,11,Database,47.1%,2228,true,Database;,false,false,47.132696154701044,12723,26994
1416,"Check if an Array Is Consecutive",check-if-an-array-is-consecutive,true,Easy,90,11,Algorithms,61.6%,2229,true,Array;Hash Table;Sorting;,false,false,61.63944208249422,8264,13407
2371,"The Users That Are Eligible for Discount",the-users-that-are-eligible-for-discount,true,Easy,25,45,Database,51.0%,2230,true,Database;,false,false,50.96160072524768,7870,15443
2327,"Largest Number After Digit Swaps by Parity",largest-number-after-digit-swaps-by-parity,false,Easy,708,316,Algorithms,65.7%,2231,false,Sorting;Heap (Priority Queue);,false,false,65.7265997456146,71828,109283
2328,"Minimize Result by Adding Parentheses to Expression",minimize-result-by-adding-parentheses-to-expression,false,Medium,229,345,Algorithms,68.6%,2232,false,String;Enumeration;,false,false,68.60890928475409,29602,43146
2329,"Maximum Product After K Increments",maximum-product-after-k-increments,false,Medium,796,45,Algorithms,44.3%,2233,false,Array;Greedy;Heap (Priority Queue);,false,false,44.25212867455131,49165,111102
2330,"Maximum Total Beauty of the Gardens",maximum-total-beauty-of-the-gardens,false,Hard,458,41,Algorithms,30.5%,2234,false,Array;Two Pointers;Binary Search;Greedy;Sorting;Enumeration;Prefix Sum;,false,false,30.544551528410096,10332,33826
2383,"Add Two Integers",add-two-integers,false,Easy,2218,3230,Algorithms,88.0%,2235,false,Math;,false,false,87.98441716481065,980416,1114306
2384,"Root Equals Sum of Children",root-equals-sum-of-children,false,Easy,1624,1670,Algorithms,85.2%,2236,false,Tree;Binary Tree;,false,false,85.21750236043769,373658,438476
2385,"Count Positions on Street With Required Brightness",count-positions-on-street-with-required-brightness,true,Medium,90,7,Algorithms,62.4%,2237,true,Array;Prefix Sum;,false,false,62.3836717428088,5899,9456
2376,"Number of Times a Driver Was a Passenger",number-of-times-a-driver-was-a-passenger,true,Medium,73,6,Database,71.8%,2238,true,Database;,false,false,71.76097947249802,11781,16417
2350,"Find Closest Number to Zero",find-closest-number-to-zero,false,Easy,825,58,Algorithms,48.2%,2239,false,Array;,false,false,48.21012136789964,226576,469976
2351,"Number of Ways to Buy Pens and Pencils",number-of-ways-to-buy-pens-and-pencils,false,Medium,486,37,Algorithms,57.2%,2240,false,Math;Enumeration;,false,false,57.24982156564364,42512,74257
2352,"Design an ATM Machine",design-an-atm-machine,false,Medium,318,388,Algorithms,46.5%,2241,false,Array;Greedy;Design;,false,false,46.522674211319284,40451,86949
2353,"Maximum Score of a Node Sequence",maximum-score-of-a-node-sequence,false,Hard,596,21,Algorithms,40.7%,2242,false,Array;Graph Theory;Sorting;Enumeration;,false,false,40.70189765962476,18939,46531
2361,"Calculate Digit Sum of a String",calculate-digit-sum-of-a-string,false,Easy,609,52,Algorithms,68.1%,2243,false,String;Simulation;,false,false,68.0953706280731,58720,86232
2362,"Minimum Rounds to Complete All Tasks",minimum-rounds-to-complete-all-tasks,false,Medium,2867,86,Algorithms,63.4%,2244,false,Array;Hash Table;Greedy;Counting;,true,false,63.437646092167334,179120,282356
2363,"Maximum Trailing Zeros in a Cornered Path",maximum-trailing-zeros-in-a-cornered-path,false,Medium,210,409,Algorithms,38.5%,2245,false,Array;Matrix;Prefix Sum;,false,false,38.47334941873218,10524,27354
2364,"Longest Path With Different Adjacent Characters",longest-path-with-different-adjacent-characters,false,Hard,2594,63,Algorithms,54.0%,2246,false,Array;String;Tree;Depth-First Search;Graph Theory;Topological Sort;,true,false,54.04362796301516,97786,180939
2007,"Maximum Cost of Trip With K Highways",maximum-cost-of-trip-with-k-highways,true,Hard,64,0,Algorithms,49.9%,2247,true,Dynamic Programming;Bit Manipulation;Graph Theory;Bitmask;,false,false,49.86077963404932,2507,5028
2331,"Intersection of Multiple Arrays",intersection-of-multiple-arrays,false,Easy,828,44,Algorithms,68.8%,2248,false,Array;Hash Table;Sorting;Counting;,false,false,68.79875583823903,138021,200616
2332,"Count Lattice Points Inside a Circle",count-lattice-points-inside-a-circle,false,Medium,261,223,Algorithms,57.3%,2249,false,Array;Hash Table;Math;Geometry;Enumeration;,false,false,57.29464718973277,34241,59763
2333,"Count Number of Rectangles Containing Each Point",count-number-of-rectangles-containing-each-point,false,Medium,562,143,Algorithms,38.0%,2250,false,Array;Hash Table;Binary Search;Binary Indexed Tree;Sorting;,false,false,37.98736658680026,24416,64274
2334,"Number of Flowers in Full Bloom",number-of-flowers-in-full-bloom,false,Hard,1844,46,Algorithms,58.1%,2251,false,Array;Hash Table;Binary Search;Sorting;Prefix Sum;Ordered Set;,true,false,58.08816466031984,114892,197789
2381,"Dynamic Pivoting of a Table",dynamic-pivoting-of-a-table,true,Hard,34,10,Database,57.8%,2252,true,Database;,false,false,57.784872298624755,2353,4072
2382,"Dynamic Unpivoting of a Table",dynamic-unpivoting-of-a-table,true,Hard,20,13,Database,69.8%,2253,true,Database;,false,false,69.76241900647948,1615,2315
2396,"Design Video Sharing Platform",design-video-sharing-platform,true,Hard,90,15,Algorithms,63.7%,2254,true,Hash Table;Design;Heap (Priority Queue);,false,false,63.65280289330922,5984,9401
2341,"Count Prefixes of a Given String",count-prefixes-of-a-given-string,false,Easy,618,24,Algorithms,74.4%,2255,false,Array;String;,false,false,74.4294561141166,95068,127729
2342,"Minimum Average Difference",minimum-average-difference,false,Medium,1584,182,Algorithms,44.1%,2256,false,Array;Prefix Sum;,true,false,44.08220286978888,101289,229773
2343,"Count Unguarded Cells in the Grid",count-unguarded-cells-in-the-grid,false,Medium,1303,94,Algorithms,69.2%,2257,false,Array;Matrix;Simulation;,true,false,69.15978471305448,211122,305267
2344,"Escape the Spreading Fire",escape-the-spreading-fire,false,Hard,923,43,Algorithms,39.6%,2258,false,Array;Binary Search;Breadth-First Search;Matrix;,false,false,39.55790060137316,24141,61027
2337,"Remove Digit From Number to Maximize Result",remove-digit-from-number-to-maximize-result,false,Easy,978,66,Algorithms,48.9%,2259,false,String;Greedy;Enumeration;,false,false,48.886156071977574,135158,276475
2338,"Minimum Consecutive Cards to Pick Up",minimum-consecutive-cards-to-pick-up,false,Medium,1104,45,Algorithms,54.1%,2260,false,Array;Hash Table;Sliding Window;,false,false,54.11206746615874,127560,235733
2339,"K Divisible Elements Subarrays",k-divisible-elements-subarrays,false,Medium,749,163,Algorithms,55.3%,2261,false,Array;Hash Table;Trie;Rolling Hash;Hash Function;Enumeration;,false,false,55.348842237260286,51201,92506
2340,"Total Appeal of A String",total-appeal-of-a-string,false,Hard,1240,35,Algorithms,56.8%,2262,false,Hash Table;String;Dynamic Programming;,false,false,56.800407827507506,49025,86311
1419,"Make Array Non-decreasing or Non-increasing",make-array-non-decreasing-or-non-increasing,true,Hard,94,13,Algorithms,64.8%,2263,true,Array;Dynamic Programming;Greedy;Heap (Priority Queue);,false,false,64.77887788778878,4907,7575
2346,"Largest 3-Same-Digit Number in String",largest-3-same-digit-number-in-string,false,Easy,1407,55,Algorithms,72.7%,2264,false,String;,true,false,72.67658557775847,334603,460400
2347,"Count Nodes Equal to Average of Subtree",count-nodes-equal-to-average-of-subtree,false,Medium,2684,76,Algorithms,88.7%,2265,false,Tree;Depth-First Search;Binary Tree;,true,false,88.7033855648444,324255,365550
2348,"Count Number of Texts",count-number-of-texts,false,Medium,964,36,Algorithms,50.8%,2266,false,Hash Table;Math;String;Dynamic Programming;,false,false,50.807689265089785,32113,63205
2349," Check if There Is a Valid Parentheses String Path",check-if-there-is-a-valid-parentheses-string-path,false,Hard,822,31,Algorithms,57.1%,2267,false,Array;Dynamic Programming;Matrix;Bracket Sequences;,true,false,57.051009622195345,104708,183534
2405,"Minimum Number of Keypresses",minimum-number-of-keypresses,true,Medium,251,40,Algorithms,71.4%,2268,true,Hash Table;String;Greedy;Sorting;Counting;,false,false,71.36071740699927,37560,52634
1430,"Find the K-Beauty of a Number",find-the-k-beauty-of-a-number,false,Easy,754,48,Algorithms,64.0%,2269,false,Math;String;Sliding Window;,false,false,63.972026201702484,101079,158005
2358,"Number of Ways to Split Array",number-of-ways-to-split-array,false,Medium,1224,100,Algorithms,55.7%,2270,false,Array;Prefix Sum;,true,false,55.73589139813835,246876,442939
2359,"Maximum White Tiles Covered by a Carpet",maximum-white-tiles-covered-by-a-carpet,false,Medium,852,59,Algorithms,36.6%,2271,false,Array;Binary Search;Greedy;Sliding Window;Sorting;Prefix Sum;,false,false,36.632144227080936,23875,65175
2360,"Substring With Largest Variance",substring-with-largest-variance,false,Hard,1938,215,Algorithms,46.0%,2272,false,Hash Table;String;Dynamic Programming;Enumeration;,true,false,46.045707769608136,77529,168374
1353,"Find Resultant Array After Removing Anagrams",find-resultant-array-after-removing-anagrams,false,Easy,1084,238,Algorithms,70.0%,2273,false,Array;Hash Table;String;Sorting;,true,false,70.01187437109513,216384,309066
2355,"Maximum Consecutive Floors Without Special Floors",maximum-consecutive-floors-without-special-floors,false,Medium,436,41,Algorithms,52.9%,2274,false,Array;Sorting;,false,false,52.86487374834188,45034,85187
2356,"Largest Combination With Bitwise AND Greater Than Zero",largest-combination-with-bitwise-and-greater-than-zero,false,Medium,1145,60,Algorithms,80.7%,2275,false,Array;Hash Table;Bit Manipulation;Counting;,true,false,80.72348860257681,159642,197764
2357,"Count Integers in Intervals",count-integers-in-intervals,false,Hard,632,64,Algorithms,36.3%,2276,false,Design;Segment Tree;Ordered Set;,false,false,36.348218671781794,31077,85498
2420,"Closest Node to Path in Tree",closest-node-to-path-in-tree,true,Hard,143,3,Algorithms,62.2%,2277,true,Array;Tree;Depth-First Search;Breadth-First Search;,false,false,62.16845878136201,6938,11160
2365,"Percentage of Letter in String",percentage-of-letter-in-string,false,Easy,571,64,Algorithms,75.5%,2278,false,String;,false,false,75.51461939169887,107853,142824
2366,"Maximum Bags With Full Capacity of Rocks",maximum-bags-with-full-capacity-of-rocks,false,Medium,1809,72,Algorithms,68.3%,2279,false,Array;Greedy;Sorting;,true,false,68.3482910499346,119641,175047
2367,"Minimum Lines to Represent a Line Chart",minimum-lines-to-represent-a-line-chart,false,Medium,367,534,Algorithms,27.5%,2280,false,Array;Math;Geometry;Sorting;Number Theory;,false,false,27.45195197634559,33795,123106
2368,"Sum of Total Strength of Wizards",sum-of-total-strength-of-wizards,false,Hard,1303,115,Algorithms,30.1%,2281,false,Array;Stack;Monotonic Stack;Prefix Sum;,true,false,30.07746059260062,27763,92305
2425,"Number of People That Can Be Seen in a Grid",number-of-people-that-can-be-seen-in-a-grid,true,Medium,68,34,Algorithms,47.0%,2282,true,Array;Stack;Matrix;Monotonic Stack;,false,false,46.96843160180391,2812,5987
2377,"Check if Number Has Equal Digit Count and Digit Value",check-if-number-has-equal-digit-count-and-digit-value,false,Easy,692,101,Algorithms,73.3%,2283,false,Hash Table;String;Counting;,false,false,73.33617130648503,91305,124502
2378,"Sender With Largest Word Count",sender-with-largest-word-count,false,Medium,482,42,Algorithms,60.3%,2284,false,Array;Hash Table;String;Counting;,false,false,60.25778326550668,47826,79369
2379,"Maximum Total Importance of Roads",maximum-total-importance-of-roads,false,Medium,1376,84,Algorithms,69.1%,2285,false,Greedy;Graph Theory;Sorting;Heap (Priority Queue);,true,false,69.14866802474288,167346,242009
2380,"Booking Concert Tickets in Groups",booking-concert-tickets-in-groups,false,Hard,360,63,Algorithms,20.4%,2286,false,Binary Search;Design;Binary Indexed Tree;Segment Tree;,false,false,20.42019203346326,10740,52595
2372,"Rearrange Characters to Make Target String",rearrange-characters-to-make-target-string,false,Easy,580,39,Algorithms,63.3%,2287,false,Hash Table;String;Counting;,false,false,63.30268206565942,66157,104509
2373,"Apply Discount to Prices",apply-discount-to-prices,false,Medium,227,1131,Algorithms,34.7%,2288,false,String;,false,false,34.66815989668463,34361,99114
2374,"Steps to Make Array Non-decreasing",steps-to-make-array-non-decreasing,false,Medium,1435,151,Algorithms,25.4%,2289,false,Array;Linked List;Dynamic Programming;Stack;Monotonic Stack;Simulation;,false,false,25.426284479719136,33894,133303
2375,"Minimum Obstacle Removal to Reach Corner",minimum-obstacle-removal-to-reach-corner,false,Hard,1728,30,Algorithms,71.2%,2290,false,Array;Breadth-First Search;Graph Theory;Heap (Priority Queue);Matrix;Shortest Path;0-1 BFS;Dijkstra's Algorithm;,true,false,71.17613477239924,132157,185676
2426,"Maximum Profit From Trading Stocks",maximum-profit-from-trading-stocks,true,Medium,194,9,Algorithms,48.4%,2291,true,Array;Dynamic Programming;,false,false,48.43154653165614,18558,38318
2431,"Products With Three or More Orders in Two Consecutive Years",products-with-three-or-more-orders-in-two-consecutive-years,true,Medium,65,29,Database,40.9%,2292,true,Database;,false,false,40.86946967477293,11159,27304
2386,"Min Max Game",min-max-game,false,Easy,598,33,Algorithms,64.6%,2293,false,Array;Simulation;,false,false,64.55829490577683,71120,110164
2387,"Partition Array Such That Maximum Difference Is K",partition-array-such-that-maximum-difference-is-k,false,Medium,1194,48,Algorithms,81.8%,2294,false,Array;Greedy;Sorting;,true,false,81.78002704123789,174198,213008
2388,"Replace Elements in an Array",replace-elements-in-an-array,false,Medium,693,39,Algorithms,60.1%,2295,false,Array;Hash Table;Simulation;,false,false,60.12358369073358,50888,84639
2389,"Design a Text Editor",design-a-text-editor,false,Hard,674,229,Algorithms,52.1%,2296,false,Linked List;String;Stack;Design;Simulation;Doubly-Linked List;,false,false,52.065725178542664,48481,93115
2056,"Jump Game VIII",jump-game-viii,true,Medium,175,49,Algorithms,45.9%,2297,true,Array;Dynamic Programming;Stack;Graph Theory;Monotonic Stack;Shortest Path;,false,false,45.86165314623986,8367,18244
2440,"Tasks Count in the Weekend",tasks-count-in-the-weekend,true,Medium,53,10,Database,81.8%,2298,true,Database;,false,false,81.77916175727992,9717,11882
2391,"Strong Password Checker II",strong-password-checker-ii,false,Easy,396,42,Algorithms,55.8%,2299,false,String;,false,false,55.84829983510852,62659,112195
2392,"Successful Pairs of Spells and Potions",successful-pairs-of-spells-and-potions,false,Medium,3256,106,Algorithms,49.9%,2300,false,Array;Two Pointers;Binary Search;Sorting;,true,false,49.909195991862,406728,814938
2853,"Consecutive Transactions with Increasing Amounts",consecutive-transactions-with-increasing-amounts,true,Hard,54,6,Database,35.4%,2701,true,Database;,true,false,35.35454332002818,6023,17036
2729,"Minimum Operations to Make Numbers Non-positive",minimum-operations-to-make-numbers-non-positive,true,Hard,52,5,Algorithms,44.5%,2702,true,Array;Binary Search;,false,false,44.46681387193142,6847,15398
2820,"Return Length of Arguments Passed",return-length-of-arguments-passed,false,Easy,434,177,JavaScript,94.4%,2703,false,,true,false,94.44055023675797,319311,338108
2813,"To Be Or Not To Be",to-be-or-not-to-be,false,Easy,953,225,JavaScript,63.5%,2704,false,,true,false,63.472346111972215,374284,589675
2804,"Compact Object",compact-object,false,Medium,233,25,JavaScript,68.4%,2705,false,,true,false,68.39685064631261,51167,74809
2756,"Buy Two Chocolates",buy-two-chocolates,false,Easy,1088,72,Algorithms,68.5%,2706,false,Array;Greedy;Sorting;,true,false,68.45588807849042,237364,346741
2755,"Extra Characters in a String",extra-characters-in-a-string,false,Medium,2667,139,Algorithms,57.2%,2707,false,Array;Hash Table;String;Dynamic Programming;Trie;,true,false,57.23578871480187,204828,357867
2754,"Maximum Strength of a Group",maximum-strength-of-a-group,false,Medium,392,69,Algorithms,26.0%,2708,false,Array;Dynamic Programming;Backtracking;Greedy;Bit Manipulation;Sorting;Enumeration;,false,false,25.981010215371946,40388,155452
2827,"Greatest Common Divisor Traversal",greatest-common-divisor-traversal,false,Hard,877,145,Algorithms,41.7%,2709,false,Array;Math;Union-Find;Number Theory;Prime Factorization;Euclidean Algorithm;Greatest Common Divisor;,true,false,41.6743999662547,79038,189656
2819,"Remove Trailing Zeros From a String",remove-trailing-zeros-from-a-string,false,Easy,347,13,Algorithms,79.6%,2710,false,String;,false,false,79.55724636000217,102889,129327
2801,"Difference of Number of Distinct Values on Diagonals",difference-of-number-of-distinct-values-on-diagonals,false,Medium,144,211,Algorithms,67.5%,2711,false,Array;Hash Table;Matrix;,false,false,67.51224234141897,23713,35124
2817,"Minimum Cost to Make All Characters Equal",minimum-cost-to-make-all-characters-equal,false,Medium,594,29,Algorithms,54.9%,2712,false,String;Dynamic Programming;Greedy;,false,false,54.89471402824356,24062,43833
2818,"Maximum Strictly Increasing Cells in a Matrix",maximum-strictly-increasing-cells-in-a-matrix,false,Hard,643,22,Algorithms,31.5%,2713,false,Array;Hash Table;Binary Search;Dynamic Programming;Memoization;Sorting;Matrix;Ordered Set;,false,false,31.520886895319368,17287,54843
2865,"Find Shortest Path with K Hops",find-shortest-path-with-k-hops,true,Hard,43,1,Algorithms,69.0%,2714,true,Graph Theory;Heap (Priority Queue);Shortest Path;,false,false,68.96183613557513,2584,3747
2821,"Timeout Cancellation",timeout-cancellation,false,Easy,332,379,JavaScript,89.5%,2715,false,,true,false,89.54636243331882,108943,121661
2825,"Minimize String Length",minimize-string-length,false,Easy,389,109,Algorithms,80.1%,2716,false,Hash Table;String;,false,false,80.07788405770417,86980,108620
2785,"Semi-Ordered Permutation",semi-ordered-permutation,false,Easy,231,22,Algorithms,64.6%,2717,false,Array;Simulation;,false,false,64.6355780205446,39641,61330
2838,"Sum of Matrix After Queries",sum-of-matrix-after-queries,false,Medium,740,28,Algorithms,32.6%,2718,false,Array;Hash Table;,false,false,32.63888888888889,26179,80208
2757,"Count of Integers",count-of-integers,false,Hard,608,12,Algorithms,39.3%,2719,false,Math;String;Dynamic Programming;,false,false,39.27651623546047,23332,59405
2874,"Popularity Percentage",popularity-percentage,true,Hard,14,9,Database,53.5%,2720,true,Database;,true,false,53.472571716155,4250,7948
2807,"Execute Asynchronous Functions in Parallel",execute-asynchronous-functions-in-parallel,false,Medium,266,49,JavaScript,78.7%,2721,false,,true,false,78.70746673041677,59262,75294
2858,"Join Two Arrays by ID",join-two-arrays-by-id,false,Medium,246,65,JavaScript,57.9%,2722,false,,true,false,57.90052212146194,65317,112809
2859,"Add Two Promises",add-two-promises,false,Easy,375,33,JavaScript,91.7%,2723,false,,true,false,91.70143547705258,199568,217628
2860,"Sort By",sort-by,false,Easy,235,51,JavaScript,83.0%,2724,false,,true,false,83.03562963384341,87581,105474
2862,"Interval Cancellation",interval-cancellation,false,Easy,220,99,JavaScript,85.1%,2725,false,,true,false,85.12696038309203,90483,106292
2863,"Calculator with Method Chaining",calculator-with-method-chaining,false,Easy,155,22,JavaScript,76.9%,2726,false,,true,false,76.94976656376762,60324,78394
2864,"Is Object Empty",is-object-empty,false,Easy,228,16,JavaScript,82.1%,2727,false,,true,false,82.05233611243143,127744,155686
2875,"Count Houses in a Circular Street",count-houses-in-a-circular-street,true,Easy,61,12,Algorithms,85.9%,2728,true,Array;Interactive;,false,false,85.86982821195258,3549,4133
2824,"Check if The Number is Fascinating",check-if-the-number-is-fascinating,false,Easy,268,15,Algorithms,53.1%,2729,false,Hash Table;Math;,false,false,53.098028599636926,66689,125596
2786,"Find the Longest Semi-Repetitive Substring",find-the-longest-semi-repetitive-substring,false,Medium,322,89,Algorithms,39.6%,2730,false,String;Sliding Window;,false,false,39.63166679736073,35378,89267
2787,"Movement of Robots",movement-of-robots,false,Medium,555,103,Algorithms,28.7%,2731,false,Array;Brainteaser;Sorting;Prefix Sum;,false,false,28.6506627225667,20146,70316
2826,"Find a Good Subset of the Matrix",find-a-good-subset-of-the-matrix,false,Hard,214,30,Algorithms,45.8%,2732,false,Array;Hash Table;Bit Manipulation;Matrix;,false,false,45.78338371729386,8784,19186
2836,"Neither Minimum nor Maximum",neither-minimum-nor-maximum,false,Easy,424,21,Algorithms,76.7%,2733,false,Array;Sorting;,false,false,76.72729887123445,149406,194723
2828,"Lexicographically Smallest String After Substring Operation",lexicographically-smallest-string-after-substring-operation,false,Medium,285,195,Algorithms,35.7%,2734,false,String;Greedy;,false,false,35.65680864110183,37798,106005
2810,"Collecting Chocolates",collecting-chocolates,false,Medium,324,558,Algorithms,35.9%,2735,false,Array;Enumeration;,false,false,35.85764626058789,16383,45689
2839,"Maximum Sum Queries",maximum-sum-queries,false,Hard,360,17,Algorithms,31.7%,2736,false,Array;Binary Search;Stack;Binary Indexed Tree;Segment Tree;Sorting;Monotonic Stack;,false,false,31.72828000414207,9191,28970
2880,"Find the Closest Marked Node",find-the-closest-marked-node,true,Medium,60,6,Algorithms,65.7%,2737,true,Array;Graph Theory;Heap (Priority Queue);Shortest Path;,true,false,65.6558655345694,7578,11542
2885,"Count Occurrences in Text",count-occurrences-in-text,true,Medium,29,49,Database,54.2%,2738,true,Database;,true,false,54.18241370622323,12903,23814
2857,"Total Distance Traveled",total-distance-traveled,false,Easy,341,109,Algorithms,42.1%,2739,false,Math;Simulation;,false,false,42.07197196341568,68908,163786
2845,"Find the Value of the Partition",find-the-value-of-the-partition,false,Medium,334,26,Algorithms,64.5%,2740,false,Array;Sorting;,false,false,64.52891966176537,42964,66581
2848,"Special Permutations",special-permutations,false,Medium,595,66,Algorithms,29.8%,2741,false,Array;Dynamic Programming;Bit Manipulation;Bitmask;,false,false,29.790350053327813,18714,62819
2808,"Painting the Walls",painting-the-walls,false,Hard,1541,97,Algorithms,49.2%,2742,false,Array;Dynamic Programming;,true,false,49.23173190572203,84972,172596
2890,"Count Substrings Without Repeating Character",count-substrings-without-repeating-character,true,Medium,98,2,Algorithms,75.9%,2743,true,Hash Table;String;Sliding Window;,true,false,75.9423676012461,9751,12840
2847,"Find Maximum Number of String Pairs",find-maximum-number-of-string-pairs,false,Easy,491,19,Algorithms,82.5%,2744,false,Array;Hash Table;String;Simulation;,false,false,82.49207430502791,125939,152668
2850,"Construct the Longest New String",construct-the-longest-new-string,false,Medium,344,29,Algorithms,55.4%,2745,false,Math;Dynamic Programming;Greedy;Brainteaser;,false,false,55.392061579131514,28497,51446
2854,"Decremental String Concatenation",decremental-string-concatenation,false,Medium,384,33,Algorithms,28.4%,2746,false,Array;String;Dynamic Programming;,false,false,28.389181426519865,11861,41780
2833,"Count Zero Request Servers",count-zero-request-servers,false,Medium,409,59,Algorithms,36.7%,2747,false,Array;Hash Table;Sliding Window;Sorting;,false,false,36.7183591795898,13945,37980
2831,"Number of Beautiful Pairs",number-of-beautiful-pairs,false,Easy,252,43,Algorithms,53.2%,2748,false,Array;Hash Table;Math;Counting;Number Theory;,false,false,53.185463434993885,53520,100629
2837,"Minimum Operations to Make the Integer Zero",minimum-operations-to-make-the-integer-zero,false,Medium,776,377,Algorithms,58.0%,2749,false,Bit Manipulation;Brainteaser;Enumeration;,true,false,58.032682136053296,98088,169022
2867,"Ways to Split Array Into Good Subarrays",ways-to-split-array-into-good-subarrays,false,Medium,481,14,Algorithms,35.4%,2750,false,Array;Math;Dynamic Programming;,false,false,35.35751714939025,29689,83968
2846,"Robot Collisions",robot-collisions,false,Hard,1536,114,Algorithms,61.7%,2751,false,Array;Stack;Sorting;Simulation;,true,false,61.65729187006721,195773,317518
2852,"Customers with Maximum Number of Transactions on Consecutive Days",customers-with-maximum-number-of-transactions-on-consecutive-days,true,Hard,16,35,Database,42.5%,2752,true,Database;,false,false,42.49236408063531,3478,8185
2897,"Count Houses in a Circular Street II",count-houses-in-a-circular-street-ii,true,Hard,27,3,Algorithms,61.8%,2753,true,,true,false,61.811505507955935,1010,1634
2770,"Bind Function to Context",bind-function-to-context,true,Medium,17,0,JavaScript,82.8%,2754,true,,true,false,82.81141266527487,1190,1437
2795,"Deep Merge of Two Objects",deep-merge-of-two-objects,true,Medium,16,4,JavaScript,62.7%,2755,true,,true,false,62.72264631043257,986,1572
2806,"Query Batching",query-batching,true,Hard,15,5,JavaScript,69.8%,2756,true,,true,false,69.77777777777779,628,900
2814,"Generate Circular Array Values",generate-circular-array-values,true,Medium,11,2,JavaScript,69.9%,2757,true,,true,false,69.90027198549411,771,1103
2822,"Next Day",next-day,true,Easy,14,1,JavaScript,80.6%,2758,true,,true,false,80.62381852551985,1706,2116
2851,"Convert JSON String to Object",convert-json-string-to-object,true,Hard,17,4,JavaScript,62.2%,2759,true,,true,false,62.20183486238532,1017,1635
2866,"Longest Even Odd Subarray With Threshold",longest-even-odd-subarray-with-threshold,false,Easy,372,291,Algorithms,32.7%,2760,false,Array;Sliding Window;,false,false,32.72104962920707,57360,175300
2873,"Prime Pairs With Target Sum",prime-pairs-with-target-sum,false,Medium,422,34,Algorithms,38.8%,2761,false,Array;Math;Enumeration;Number Theory;,false,false,38.826718917594995,45972,118403
2868,"Continuous Subarrays",continuous-subarrays,false,Medium,1530,98,Algorithms,57.6%,2762,false,Array;Queue;Sliding Window;Heap (Priority Queue);Ordered Set;Monotonic Queue;,true,false,57.55476302292817,123779,215063
2849,"Sum of Imbalance Numbers of All Subarrays",sum-of-imbalance-numbers-of-all-subarrays,false,Hard,331,9,Algorithms,44.0%,2763,false,Array;Hash Table;Enumeration;,false,false,44.02390438247012,10387,23594
2918,"Is Array a Preorder of Some ‌Binary Tree",is-array-a-preorder-of-some-binary-tree,true,Medium,37,5,Algorithms,67.7%,2764,true,Stack;Tree;Depth-First Search;Binary Tree;,false,false,67.65083440308088,2108,3116
2870,"Longest Alternating Subarray",longest-alternating-subarray,false,Easy,256,189,Algorithms,35.7%,2765,false,Array;Enumeration;,false,false,35.7039316918189,35961,100720
2834,"Relocate Marbles",relocate-marbles,false,Medium,217,19,Algorithms,52.1%,2766,false,Array;Hash Table;Sorting;Simulation;,false,false,52.08569087290748,26696,51254
2883,"Partition String Into Minimum Beautiful Substrings",partition-string-into-minimum-beautiful-substrings,false,Medium,387,19,Algorithms,54.3%,2767,false,Hash Table;String;Dynamic Programming;Backtracking;,false,false,54.30993449534214,23961,44119
2889,"Number of Black Blocks",number-of-black-blocks,false,Medium,291,53,Algorithms,42.5%,2768,false,Array;Hash Table;Enumeration;,false,false,42.48885719379569,23832,56090
2812,"Find the Maximum Achievable Number",find-the-maximum-achievable-number,false,Easy,558,796,Algorithms,91.8%,2769,false,Math;,false,false,91.75547215819252,240826,262465
2855,"Maximum Number of Jumps to Reach the Last Index",maximum-number-of-jumps-to-reach-the-last-index,false,Medium,677,18,Algorithms,51.4%,2770,false,Array;Dynamic Programming;,true,false,51.39400057171443,115063,223886
2869,"Longest Non-decreasing Subarray From Two Arrays",longest-non-decreasing-subarray-from-two-arrays,false,Medium,664,25,Algorithms,31.6%,2771,false,Array;Dynamic Programming;,false,false,31.64696111002541,38865,122808
2878,"Apply Operations to Make All Array Elements Equal to Zero",apply-operations-to-make-all-array-elements-equal-to-zero,false,Medium,455,34,Algorithms,33.3%,2772,false,Array;Prefix Sum;,false,false,33.255598557771826,20107,60462
2944,"Height of Special Binary Tree",height-of-special-binary-tree,true,Medium,18,44,Algorithms,75.1%,2773,true,Tree;Depth-First Search;Breadth-First Search;Binary Tree;,false,false,75.0945179584121,1589,2116
2768,"Array Upper Bound",array-upper-bound,true,Easy,23,2,JavaScript,78.5%,2774,true,,true,false,78.5070785070785,2440,3108
2781,"Undefined to Null",undefined-to-null,true,Medium,15,1,JavaScript,70.4%,2775,true,,true,false,70.39947609692206,1075,1527
2782,"Convert Callback Based Function to Promise Based Function",convert-callback-based-function-to-promise-based-function,true,Medium,19,12,JavaScript,89.5%,2776,true,,true,false,89.53185955786735,1377,1538
2799,"Date Range Generator",date-range-generator,true,Medium,11,2,JavaScript,75.1%,2777,true,,true,false,75.12100677637947,776,1033
2844,"Sum of Squares of Special Elements ",sum-of-squares-of-special-elements,false,Easy,337,142,Algorithms,82.6%,2778,false,Array;Enumeration;,false,false,82.55844223460197,110999,134449
2891,"Maximum Beauty of an Array After Applying Operation",maximum-beauty-of-an-array-after-applying-operation,false,Medium,1292,49,Algorithms,58.4%,2779,false,Array;Binary Search;Sliding Window;Sorting;,true,false,58.407792588252526,135575,232118
2888,"Minimum Index of a Valid Split",minimum-index-of-a-valid-split,false,Medium,830,49,Algorithms,75.2%,2780,false,Array;Hash Table;Sorting;,true,false,75.19773116480731,151931,202042
2884,"Length of the Longest Valid Substring",length-of-the-longest-valid-substring,false,Hard,622,32,Algorithms,38.5%,2781,false,Array;Hash Table;String;Sliding Window;,false,false,38.45303655008698,40010,104049
2995,"Number of Unique Categories",number-of-unique-categories,true,Medium,37,4,Algorithms,84.2%,2782,true,Union-Find;Interactive;Counting;,true,false,84.17186108637577,3781,4492
3002,"Flight Occupancy and Waitlist Analysis",flight-occupancy-and-waitlist-analysis,true,Medium,21,8,Database,38.9%,2783,true,Database;,true,false,38.940581727599096,5315,13649
2892,"Check if Array is Good",check-if-array-is-good,false,Easy,483,72,Algorithms,57.2%,2784,false,Array;Hash Table;Sorting;,true,false,57.23067286494188,186390,325680
2887,"Sort Vowels in a String",sort-vowels-in-a-string,false,Medium,1452,73,Algorithms,83.5%,2785,false,String;Sorting;,true,false,83.48627883718346,323056,386957
2893,"Visit Array Positions to Maximize Score",visit-array-positions-to-maximize-score,false,Medium,550,35,Algorithms,37.8%,2786,false,Array;Dynamic Programming;,false,false,37.82314263234798,26921,71176
2882,"Ways to Express an Integer as Sum of Powers",ways-to-express-an-integer-as-sum-of-powers,false,Medium,854,41,Algorithms,49.8%,2787,false,Dynamic Programming;,true,false,49.791965861064384,121348,243710
2881,"Split Strings by Separator",split-strings-by-separator,false,Easy,356,13,Algorithms,76.5%,2788,false,Array;String;,false,false,76.53393279611316,84433,110321
2872,"Largest Element in an Array after Merge Operations",largest-element-in-an-array-after-merge-operations,false,Medium,510,33,Algorithms,47.8%,2789,false,Array;Greedy;,false,false,47.82399383785866,39736,83088
2919,"Maximum Number of Groups With Increasing Length",maximum-number-of-groups-with-increasing-length,false,Hard,425,44,Algorithms,23.5%,2790,false,Array;Math;Binary Search;Greedy;Sorting;,false,false,23.48975632214147,14286,60818
2905,"Count Paths That Can Form a Palindrome in a Tree",count-paths-that-can-form-a-palindrome-in-a-tree,false,Hard,475,21,Algorithms,52.4%,2791,false,Hash Table;Bit Manipulation;Tree;Depth-First Search;,false,false,52.43020285037092,17033,32487
3016,"Count Nodes That Are Great Enough",count-nodes-that-are-great-enough,true,Hard,24,0,Algorithms,57.0%,2792,true,Divide and Conquer;Tree;Depth-First Search;Binary Tree;,false,false,57.01038575667656,1537,2696
3003,"Status of Flight Tickets",status-of-flight-tickets,true,Hard,13,21,Database,80.1%,2793,true,,false,false,80.06437336552001,3980,4971
2861,"Create Object from Two Arrays",create-object-from-two-arrays,true,Easy,11,3,JavaScript,63.6%,2794,true,,true,false,63.570247933884296,1923,3025
2898,"Parallel Execution of Promises for Individual Results Retrieval",parallel-execution-of-promises-for-individual-results-retrieval,true,Medium,17,5,JavaScript,86.3%,2795,true,,true,false,86.27019089574156,1175,1362
2899,"Repeat String",repeat-string,true,Easy,27,2,JavaScript,93.0%,2796,true,,true,false,92.9683921209345,4059,4366
2900,"Partial Function with Placeholders",partial-function-with-placeholders,true,Easy,11,4,JavaScript,83.7%,2797,true,,false,false,83.66606170598911,1844,2204
2876,"Number of Employees Who Met the Target",number-of-employees-who-met-the-target,false,Easy,634,78,Algorithms,87.8%,2798,false,Array;,false,false,87.83405563048868,268947,306199
2856,"Count Complete Subarrays in an Array",count-complete-subarrays-in-an-array,false,Medium,1166,29,Algorithms,75.8%,2799,false,Array;Hash Table;Sliding Window;,true,false,75.83590290202648,179292,236421
2877,"Shortest String That Contains Three Strings",shortest-string-that-contains-three-strings,false,Medium,382,302,Algorithms,32.4%,2800,false,String;Greedy;Enumeration;,false,false,32.376180078855185,20611,63661
3374,"Count Alternating Subarrays",count-alternating-subarrays,false,Medium,254,10,Algorithms,57.4%,3101,false,Array;Math;,false,false,57.42234674653398,47548,82804
3344,"Minimize Manhattan Distances",minimize-manhattan-distances,false,Hard,189,15,Algorithms,33.1%,3102,false,Array;Math;Geometry;Sorting;Ordered Set;,false,false,33.118178617533154,11288,34084
3409,"Find Trending Hashtags II ",find-trending-hashtags-ii,true,Hard,11,2,Database,66.2%,3103,true,Database;,false,false,66.19770455386895,1788,2701
3410,"Find Longest Self-Contained Substring",find-longest-self-contained-substring,true,Hard,19,6,Algorithms,58.4%,3104,true,Hash Table;String;Sorting;,false,false,58.44645550527904,3100,5304
3372,"Longest Strictly Increasing or Strictly Decreasing Subarray",longest-strictly-increasing-or-strictly-decreasing-subarray,false,Easy,672,35,Algorithms,64.8%,3105,false,Array;,true,false,64.80062576148369,222850,343901
3346,"Lexicographically Smallest String After Operations With Constraint",lexicographically-smallest-string-after-operations-with-constraint,false,Medium,165,28,Algorithms,62.4%,3106,false,String;Greedy;,false,false,62.42450477191681,30283,48512
3387,"Minimum Operations to Make Median of Array Equal to K",minimum-operations-to-make-median-of-array-equal-to-k,false,Medium,169,187,Algorithms,47.9%,3107,false,Array;Greedy;Sorting;,false,false,47.917829138644976,32633,68102
3348,"Minimum Cost Walk in Weighted Graph",minimum-cost-walk-in-weighted-graph,false,Hard,809,43,Algorithms,68.0%,3108,false,Array;Bit Manipulation;Union-Find;Graph Theory;,true,false,67.99889746416758,108547,159631
3417,"Find the Index of Permutation",find-the-index-of-permutation,true,Medium,16,5,Algorithms,37.2%,3109,true,Array;Binary Search;Divide and Conquer;Binary Indexed Tree;Segment Tree;Merge Sort;Ordered Set;,false,false,37.186520376175544,949,2552
3379,"Score of a String",score-of-a-string,false,Easy,885,53,Algorithms,91.2%,3110,false,String;,true,false,91.21499902469623,476975,522913
3390,"Minimum Rectangles to Cover Points",minimum-rectangles-to-cover-points,false,Medium,112,8,Algorithms,63.2%,3111,false,Array;Greedy;Sorting;,false,false,63.247202591283866,34366,54336
3389,"Minimum Time to Visit Disappearing Nodes",minimum-time-to-visit-disappearing-nodes,false,Medium,229,25,Algorithms,38.3%,3112,false,Array;Graph Theory;Heap (Priority Queue);Shortest Path;,false,false,38.3050023662433,29948,78183
3382,"Find the Number of Subarrays Where Boundary Elements Are Maximum",find-the-number-of-subarrays-where-boundary-elements-are-maximum,false,Hard,271,6,Algorithms,33.9%,3113,false,Array;Binary Search;Stack;Monotonic Stack;,false,false,33.93174321238264,16047,47292
3361,"Latest Time You Can Obtain After Replacing Characters",latest-time-you-can-obtain-after-replacing-characters,false,Easy,123,52,Algorithms,35.5%,3114,false,String;Enumeration;,false,false,35.503066016324574,43018,121167
3373,"Maximum Prime Difference",maximum-prime-difference,false,Medium,136,17,Algorithms,59.2%,3115,false,Array;Math;Number Theory;Primality Test;,false,false,59.17154120040692,55839,94368
3375,"Kth Smallest Amount With Single Denomination Combination",kth-smallest-amount-with-single-denomination-combination,false,Hard,572,34,Algorithms,50.7%,3116,false,Array;Math;Binary Search;Bit Manipulation;Combinatorics;Number Theory;,true,false,50.69799806641912,82330,162393
3364,"Minimum Sum of Values by Dividing Array",minimum-sum-of-values-by-dividing-array,false,Hard,152,4,Algorithms,28.5%,3117,false,Array;Binary Search;Dynamic Programming;Bit Manipulation;Segment Tree;Queue;,false,false,28.547597461468722,7872,27575
3424,"Friday Purchase III ",friday-purchase-iii,true,Medium,6,7,Database,55.4%,3118,true,Database;,false,false,55.41736930860034,2629,4744
3425,"Maximum Number of Potholes That Can Be Fixed",maximum-number-of-potholes-that-can-be-fixed,true,Medium,22,3,Algorithms,53.7%,3119,true,String;Greedy;Sorting;,false,false,53.68760864166874,4324,8054
3408,"Count the Number of Special Characters I",count-the-number-of-special-characters-i,false,Easy,402,12,Algorithms,77.1%,3120,false,Hash Table;String;,true,false,77.13021234210169,204428,265043
3405,"Count the Number of Special Characters II",count-the-number-of-special-characters-ii,false,Medium,468,26,Algorithms,60.3%,3121,false,Hash Table;String;,true,false,60.34390112842558,172941,286593
3404,"Minimum Number of Operations to Satisfy Conditions",minimum-number-of-operations-to-satisfy-conditions,false,Medium,303,14,Algorithms,42.2%,3122,false,Array;Dynamic Programming;Matrix;,false,false,42.18715044031809,20743,49169
3386,"Find Edges in Shortest Paths",find-edges-in-shortest-paths,false,Hard,338,5,Algorithms,46.9%,3123,false,Depth-First Search;Breadth-First Search;Graph Theory;Heap (Priority Queue);Shortest Path;,false,false,46.90004586054028,21476,45791
3432,"Find Longest Calls",find-longest-calls,true,Medium,7,5,Database,64.0%,3124,true,Database;,false,false,64.0030154542028,3396,5306
3433,"Maximum Number That Makes Result of Bitwise AND Zero",maximum-number-that-makes-result-of-bitwise-and-zero,true,Medium,13,2,Algorithms,70.4%,3125,true,String;Greedy;Sorting;,false,false,70.43813192103995,1463,2077
3440,"Server Utilization Time",server-utilization-time,true,Medium,12,16,Database,60.9%,3126,true,Database;,false,false,60.93841642228739,3117,5115
3398,"Make a Square with the Same Color",make-a-square-with-the-same-color,false,Easy,96,12,Algorithms,53.2%,3127,false,Array;Matrix;Enumeration;,false,false,53.1728470231819,35805,67337
3388,"Right Triangles",right-triangles,false,Medium,140,24,Algorithms,48.8%,3128,false,Array;Hash Table;Math;Combinatorics;Counting;,false,false,48.7859834505264,25116,51482
3406,"Find All Possible Stable Binary Arrays I",find-all-possible-stable-binary-arrays-i,false,Medium,513,190,Algorithms,53.4%,3129,false,Dynamic Programming;Prefix Sum;,true,false,53.42015972319519,87694,164159
3407,"Find All Possible Stable Binary Arrays II",find-all-possible-stable-binary-arrays-ii,false,Hard,270,30,Algorithms,58.4%,3130,false,Dynamic Programming;Prefix Sum;,true,false,58.448376433987946,69138,118289
3397,"Find the Integer Added to Array I",find-the-integer-added-to-array-i,false,Easy,179,14,Algorithms,82.9%,3131,false,Array;,false,false,82.89474892764964,90250,108873
3399,"Find the Integer Added to Array II",find-the-integer-added-to-array-ii,false,Medium,184,44,Algorithms,33.3%,3132,false,Array;Two Pointers;Sorting;Enumeration;,false,false,33.263791179467276,27424,82444
3394,"Minimum Array End",minimum-array-end,false,Medium,831,100,Algorithms,55.3%,3133,false,Bit Manipulation;,true,false,55.34768138886302,112922,204023
3362,"Find the Median of the Uniqueness Array",find-the-median-of-the-uniqueness-array,false,Hard,181,13,Algorithms,30.2%,3134,false,Array;Hash Table;Binary Search;Sliding Window;,false,false,30.22089291834128,9700,32097
3441,"Equalize Strings by Adding or Removing Characters at Ends",equalize-strings-by-adding-or-removing-characters-at-ends,true,Medium,16,2,Algorithms,56.9%,3135,true,String;Binary Search;Dynamic Programming;Sliding Window;Hash Function;,false,false,56.86773255813954,1565,2752
3396,"Valid Word",valid-word,false,Easy,494,170,Algorithms,50.9%,3136,false,String;,true,false,50.8668901147941,214290,421276
3384,"Minimum Number of Operations to Make Word K-Periodic",minimum-number-of-operations-to-make-word-k-periodic,false,Medium,125,13,Algorithms,60.1%,3137,false,Hash Table;String;Counting;,false,false,60.05232070959963,29382,48928
3395,"Minimum Length of Anagram Concatenation",minimum-length-of-anagram-concatenation,false,Medium,212,104,Algorithms,39.8%,3138,false,Hash Table;String;Counting;,false,false,39.76539190216343,35052,88147
3402,"Minimum Cost to Equalize Array",minimum-cost-to-equalize-array,false,Hard,152,24,Algorithms,19.1%,3139,false,Array;Greedy;Enumeration;,false,false,19.054878048780488,6875,36080
3448,"Consecutive Available Seats II",consecutive-available-seats-ii,true,Medium,14,2,Database,55.7%,3140,true,Database;,false,false,55.70528526426322,3183,5714
3449,"Maximum Hamming Distances",maximum-hamming-distances,true,Hard,15,2,Algorithms,50.3%,3141,true,Array;Bit Manipulation;Breadth-First Search;,false,false,50.29239766081871,688,1368
3415,"Check if Grid Satisfies Conditions",check-if-grid-satisfies-conditions,false,Easy,119,7,Algorithms,45.8%,3142,false,Array;Matrix;,false,false,45.84136218780108,49483,107944
3419,"Maximum Points Inside the Square",maximum-points-inside-the-square,false,Medium,181,24,Algorithms,39.8%,3143,false,Array;Hash Table;String;Binary Search;Sorting;,false,false,39.81945130122011,22584,56716
3403,"Minimum Substring Partition of Equal Character Frequency",minimum-substring-partition-of-equal-character-frequency,false,Medium,183,36,Algorithms,40.5%,3144,false,Hash Table;String;Dynamic Programming;Counting;,false,false,40.52946479796738,19780,48804
3411,"Find Products of Elements of Big Array",find-products-of-elements-of-big-array,false,Hard,63,18,Algorithms,24.7%,3145,false,Array;Binary Search;Bit Manipulation;,false,false,24.697077690662866,3464,14029
3412,"Permutation Difference between Two Strings",permutation-difference-between-two-strings,false,Easy,208,18,Algorithms,87.6%,3146,false,Hash Table;String;,false,false,87.55800379395885,120007,137060
3383,"Taking Maximum Energy From the Mystic Dungeon",taking-maximum-energy-from-the-mystic-dungeon,false,Medium,597,40,Algorithms,60.9%,3147,false,Array;Dynamic Programming;Prefix Sum;,true,false,60.88756026188923,144611,237505
3391,"Maximum Difference Score in a Grid",maximum-difference-score-in-a-grid,false,Medium,296,23,Algorithms,48.1%,3148,false,Array;Dynamic Programming;Matrix;,false,false,48.11345596809991,25580,53166
3431,"Find the Minimum Cost Array Permutation",find-the-minimum-cost-array-permutation,false,Hard,159,8,Algorithms,26.0%,3149,false,Array;Dynamic Programming;Bit Manipulation;Bitmask;,false,false,26.052038784238192,7970,30618
3457,"Invalid Tweets II",invalid-tweets-ii,true,Easy,18,3,Database,85.0%,3150,true,Database;,false,false,85.03891050583657,4371,5140
3429,"Special Array I",special-array-i,false,Easy,595,35,Algorithms,81.4%,3151,false,Array;,true,false,81.43655001341246,270191,331781
3427,"Special Array II",special-array-ii,false,Medium,926,67,Algorithms,45.8%,3152,false,Array;Binary Search;Prefix Sum;,true,false,45.788896217974255,140223,306238
3416,"Sum of Digit Differences of All Pairs",sum-of-digit-differences-of-all-pairs,false,Medium,236,20,Algorithms,43.0%,3153,false,Array;Hash Table;Math;Counting;,false,false,43.02693363429893,30880,71769
3414,"Find Number of Ways to Reach the K-th Stair",find-number-of-ways-to-reach-the-k-th-stair,false,Hard,209,14,Algorithms,37.9%,3154,false,Math;Dynamic Programming;Bit Manipulation;Memoization;Combinatorics;,false,false,37.944346506594066,17004,44813
3458,"Maximum Number of Upgradable Servers",maximum-number-of-upgradable-servers,true,Medium,21,3,Algorithms,43.9%,3155,true,Array;Math;Binary Search;,false,false,43.94116273639972,3764,8566
3465,"Employee Task Duration and Concurrent Tasks",employee-task-duration-and-concurrent-tasks,true,Hard,13,3,Database,39.9%,3156,true,Database;,false,false,39.888123924268506,1854,4648
3467,"Find the Level of Tree with Minimum Sum",find-the-level-of-tree-with-minimum-sum,true,Medium,19,3,Algorithms,69.5%,3157,true,Tree;Depth-First Search;Breadth-First Search;Binary Tree;,false,false,69.53876349362119,3543,5095
3428,"Find the XOR of Numbers Which Appear Twice",find-the-xor-of-numbers-which-appear-twice,false,Easy,186,15,Algorithms,79.0%,3158,false,Array;Hash Table;Bit Manipulation;,false,false,78.96192586986685,87643,110994
3420,"Find Occurrences of an Element in an Array",find-occurrences-of-an-element-in-an-array,false,Medium,203,26,Algorithms,73.4%,3159,false,Array;Hash Table;,false,false,73.42512639255514,65645,89404
3434,"Find the Number of Distinct Colors Among the Balls",find-the-number-of-distinct-colors-among-the-balls,false,Medium,775,95,Algorithms,54.1%,3160,false,Array;Hash Table;Simulation;,true,false,54.08656552138184,172971,319804
3435,"Block Placement Queries",block-placement-queries,false,Hard,342,51,Algorithms,41.0%,3161,false,Array;Binary Search;Binary Indexed Tree;Segment Tree;Ordered Set;,true,false,40.96749272003328,68936,168267
3446,"Find the Number of Good Pairs I",find-the-number-of-good-pairs-i,false,Easy,179,17,Algorithms,86.2%,3162,false,Array;Hash Table;,false,false,86.20772327813556,104274,120957
3451,"String Compression III",string-compression-iii,false,Medium,642,54,Algorithms,67.0%,3163,false,String;,true,false,67.04870875779476,208378,310786
3444,"Find the Number of Good Pairs II",find-the-number-of-good-pairs-ii,false,Medium,262,40,Algorithms,26.8%,3164,false,Array;Hash Table;,false,false,26.817931624977064,30695,114457
3423,"Maximum Sum of Subsequence With Non-adjacent Elements",maximum-sum-of-subsequence-with-non-adjacent-elements,false,Hard,174,33,Algorithms,15.9%,3165,false,Array;Divide and Conquer;Dynamic Programming;Segment Tree;,false,false,15.886333760690697,9789,61615
3473,"Calculate Parking Fees and Duration",calculate-parking-fees-and-duration,true,Medium,16,5,Database,53.0%,3166,true,Database;,false,false,53.03600214938206,2961,5583
3474,"Better Compression of String",better-compression-of-string,true,Medium,19,4,Algorithms,75.5%,3167,true,Hash Table;String;Sorting;Counting;,false,false,75.49757281553397,6221,8240
3426,"Minimum Number of Chairs in a Waiting Room",minimum-number-of-chairs-in-a-waiting-room,false,Easy,167,16,Algorithms,79.2%,3168,false,String;Simulation;,false,false,79.21691480779104,75607,95443
3430,"Count Days Without Meetings",count-days-without-meetings,false,Medium,804,20,Algorithms,48.3%,3169,false,Array;Sorting;,true,false,48.308246625961544,188778,390778
3445,"Lexicographically Minimum String After Removing Stars",lexicographically-minimum-string-after-removing-stars,false,Medium,605,91,Algorithms,50.9%,3170,false,Hash Table;String;Stack;Greedy;Heap (Priority Queue);,true,false,50.8789942902935,121902,239592
3436,"Find Subarray With Bitwise OR Closest to K",find-subarray-with-bitwise-or-closest-to-k,false,Hard,219,9,Algorithms,31.2%,3171,false,Array;Binary Search;Bit Manipulation;Segment Tree;,false,false,31.241404943319083,16811,53810
3481,"Second Day Verification",second-day-verification,true,Easy,11,1,Database,66.6%,3172,true,Database;,false,false,66.5922144224633,4174,6268
3472,"Bitwise OR of Adjacent Elements",bitwise-or-of-adjacent-elements,true,Easy,25,2,Algorithms,94.8%,3173,true,Array;Bit Manipulation;,false,false,94.75860229394505,7105,7498
3447,"Clear Digits",clear-digits,false,Easy,728,28,Algorithms,82.8%,3174,false,String;Stack;Simulation;,true,false,82.75627326142634,296620,358426
3413,"Find The First Player to win K Games in a Row",find-the-first-player-to-win-k-games-in-a-row,false,Medium,145,16,Algorithms,40.3%,3175,false,Array;Simulation;,false,false,40.31892840057407,37926,94065
3456,"Find the Maximum Length of a Good Subsequence I",find-the-maximum-length-of-a-good-subsequence-i,false,Medium,174,105,Algorithms,33.1%,3176,false,Array;Hash Table;Dynamic Programming;,false,false,33.09514006030098,24917,75289
3452,"Find the Maximum Length of a Good Subsequence II",find-the-maximum-length-of-a-good-subsequence-ii,false,Hard,149,10,Algorithms,25.4%,3177,false,Array;Hash Table;Dynamic Programming;,false,false,25.444365663431213,10407,40901
3450,"Find the Child Who Has the Ball After K Seconds",find-the-child-who-has-the-ball-after-k-seconds,false,Easy,190,11,Algorithms,61.9%,3178,false,Math;Simulation;,false,false,61.920063082154655,62821,101455
3422,"Find the N-th Value After K Seconds",find-the-n-th-value-after-k-seconds,false,Medium,134,21,Algorithms,53.8%,3179,false,Array;Math;Simulation;Combinatorics;Prefix Sum;,false,false,53.79377107186968,48343,89869
3442,"Maximum Total Reward Using Operations I",maximum-total-reward-using-operations-i,false,Medium,225,18,Algorithms,31.2%,3180,false,Array;Dynamic Programming;Bit Manipulation;Sorting;,false,false,31.165073823691085,32316,103693
3443,"Maximum Total Reward Using Operations II",maximum-total-reward-using-operations-ii,false,Hard,137,33,Algorithms,22.1%,3181,false,Array;Dynamic Programming;Bit Manipulation;Sorting;,false,false,22.05584490740741,9147,41472
3488,"Find Top Scoring Students",find-top-scoring-students,true,Medium,17,3,Database,50.2%,3182,true,Database;,false,false,50.21834061135371,3335,6641
3489,"The Number of Ways to Make the Sum",the-number-of-ways-to-make-the-sum,true,Medium,21,1,Algorithms,50.8%,3183,true,Array;Dynamic Programming;Knapsack Problem;Sieve Theory;Mixed Knapsack;,false,false,50.79865016872891,2258,4445
3421,"Count Pairs That Form a Complete Day I",count-pairs-that-form-a-complete-day-i,false,Easy,174,12,Algorithms,78.0%,3184,false,Array;Hash Table;Counting;,false,false,77.97249592675925,80399,103112
3418,"Count Pairs That Form a Complete Day II",count-pairs-that-form-a-complete-day-ii,false,Medium,202,12,Algorithms,43.8%,3185,false,Array;Hash Table;Counting;,false,false,43.830478158564226,50480,115171
3437,"Maximum Total Damage With Spell Casting",maximum-total-damage-with-spell-casting,false,Medium,772,65,Algorithms,45.0%,3186,false,Array;Hash Table;Two Pointers;Binary Search;Dynamic Programming;Sorting;Counting;,true,false,45.004647106745765,117666,261453
3438,"Peaks in Array",peaks-in-array,false,Hard,160,10,Algorithms,28.5%,3187,false,Array;Binary Indexed Tree;Segment Tree;,false,false,28.486665952661454,13298,46684
3503,"Find Top Scoring Students II",find-top-scoring-students-ii,true,Hard,8,8,Database,40.1%,3188,true,Database;,false,false,40.083475034781266,2593,6469
3504,"Minimum Moves to Get a Peaceful Board",minimum-moves-to-get-a-peaceful-board,true,Medium,61,13,Algorithms,75.7%,3189,true,Array;Greedy;Sorting;Counting Sort;,true,false,75.66104839956704,4893,6467
3476,"Find Minimum Operations to Make All Elements Divisible by Three",find-minimum-operations-to-make-all-elements-divisible-by-three,false,Easy,545,35,Algorithms,90.6%,3190,false,Array;Math;,true,false,90.64527089158415,290798,320809
3475,"Minimum Operations to Make Binary Array Elements Equal to One I",minimum-operations-to-make-binary-array-elements-equal-to-one-i,false,Medium,701,37,Algorithms,80.3%,3191,false,Array;Bit Manipulation;Queue;Sliding Window;Prefix Sum;,true,false,80.26723148623068,217525,271001
3477,"Minimum Operations to Make Binary Array Elements Equal to One II",minimum-operations-to-make-binary-array-elements-equal-to-one-ii,false,Medium,162,9,Algorithms,65.0%,3192,false,Array;Dynamic Programming;Greedy;,false,false,64.98944859960666,45271,69659
3460,"Count the Number of Inversions",count-the-number-of-inversions,false,Hard,214,39,Algorithms,32.1%,3193,false,Array;Dynamic Programming;,false,false,32.12072076784266,12282,38237
3471,"Minimum Average of Smallest and Largest Elements",minimum-average-of-smallest-and-largest-elements,false,Easy,221,19,Algorithms,85.3%,3194,false,Array;Two Pointers;Sorting;,false,false,85.2594983858952,120169,140945
3461,"Find the Minimum Area to Cover All Ones I",find-the-minimum-area-to-cover-all-ones-i,false,Medium,499,32,Algorithms,78.0%,3195,false,Array;Matrix;,true,false,78.00821459358045,169224,216931
3464,"Maximize Total Cost of Alternating Subarrays",maximize-total-cost-of-alternating-subarrays,false,Medium,201,29,Algorithms,29.9%,3196,false,Array;Dynamic Programming;,false,false,29.949562163794358,26780,89417
3459,"Find the Minimum Area to Cover All Ones II",find-the-minimum-area-to-cover-all-ones-ii,false,Hard,405,69,Algorithms,63.2%,3197,false,Array;Matrix;Enumeration;,true,false,63.181467925255255,65595,103820
3505,"Find Cities in Each State",find-cities-in-each-state,true,Easy,9,2,Database,79.4%,3198,true,Database;,false,false,79.4200187090739,4245,5345
3506,"Count Triplets with Even XOR Set Bits I",count-triplets-with-even-xor-set-bits-i,true,Easy,9,4,Algorithms,83.2%,3199,true,Array;Bit Manipulation;,false,false,83.16552557390253,2065,2483
3469,"Maximum Height of a Triangle",maximum-height-of-a-triangle,false,Easy,169,33,Algorithms,44.6%,3200,false,Array;Enumeration;,false,false,44.64458087184833,46250,103596
3942,"Find Drivers with Improved Fuel Efficiency",find-drivers-with-improved-fuel-efficiency,false,Medium,52,8,Database,48.4%,3601,false,Database;,false,false,48.400959113131755,15543,32113
3912,"Hexadecimal and Hexatrigesimal Conversion",hexadecimal-and-hexatrigesimal-conversion,false,Easy,57,1,Algorithms,79.2%,3602,false,Math;String;,false,false,79.21998929492482,32561,41102
3927,"Minimum Cost Path with Alternating Directions II",minimum-cost-path-with-alternating-directions-ii,false,Medium,77,14,Algorithms,44.8%,3603,false,Array;Dynamic Programming;Matrix;,false,false,44.82108402034731,20441,45607
3916,"Minimum Time to Reach Destination in Directed Graph",minimum-time-to-reach-destination-in-directed-graph,false,Medium,114,4,Algorithms,45.8%,3604,false,Graph Theory;Heap (Priority Queue);Shortest Path;,false,false,45.77441784497643,19618,42858
3920,"Minimum Stability Factor of Array",minimum-stability-factor-of-array,false,Hard,42,2,Algorithms,20.4%,3605,false,Array;Math;Binary Search;Greedy;Segment Tree;Number Theory;,false,false,20.40769266245446,4425,21683
3934,"Coupon Code Validator",coupon-code-validator,false,Easy,343,109,Algorithms,64.4%,3606,false,Array;Hash Table;String;Sorting;,true,false,64.4271601850694,128806,199925
3863,"Power Grid Maintenance",power-grid-maintenance,false,Medium,551,59,Algorithms,55.9%,3607,false,Array;Hash Table;Depth-First Search;Breadth-First Search;Union-Find;Graph Theory;Heap (Priority Queue);Ordered Set;,true,false,55.89933486600797,95556,170943
3908,"Minimum Time for K Connected Components",minimum-time-for-k-connected-components,false,Medium,136,6,Algorithms,45.3%,3608,false,Binary Search;Union-Find;Graph Theory;Sorting;,false,false,45.32889926649214,19219,42399
3922,"Minimum Moves to Reach Target in Grid",minimum-moves-to-reach-target-in-grid,false,Hard,58,3,Algorithms,15.3%,3609,false,Math;,false,false,15.285694988518166,5658,37015
3949,"Minimum Number of Primes to Sum to Target",minimum-number-of-primes-to-sum-to-target,true,Medium,16,1,Algorithms,60.0%,3610,true,Array;Math;Dynamic Programming;Number Theory;,false,false,60.04355838498911,3584,5969
3943,"Find Overbooked Employees",find-overbooked-employees,false,Medium,55,10,Database,44.3%,3611,false,Database;,false,false,44.254521707033135,15586,35217
3931,"Process String with Special Operations I",process-string-with-special-operations-i,false,Medium,270,29,Algorithms,71.2%,3612,false,String;Simulation;,true,false,71.24510150564247,193439,271512
3881,"Minimize Maximum Component Cost",minimize-maximum-component-cost,false,Medium,134,9,Algorithms,43.4%,3613,false,Binary Search;Union-Find;Graph Theory;Sorting;,false,false,43.44219803006739,25978,59799
3939,"Process String with Special Operations II",process-string-with-special-operations-ii,false,Hard,437,23,Algorithms,39.7%,3614,false,String;Simulation;,true,false,39.71503227661623,95299,239957
3930,"Longest Palindromic Path in Graph",longest-palindromic-path-in-graph,false,Hard,61,5,Algorithms,22.6%,3615,false,String;Dynamic Programming;Bit Manipulation;Graph Theory;Bitmask;,false,false,22.594895748332817,8030,35539
3960,"Number of Student Replacements",number-of-student-replacements,true,Medium,5,3,Algorithms,85.2%,3616,true,Array;Simulation;,false,false,85.17241379310346,1235,1450
3961,"Find Students with Study Spiral Pattern",find-students-with-study-spiral-pattern,false,Hard,47,13,Database,24.1%,3617,false,,false,false,24.10958904109589,5368,22265
3936,"Split Array by Prime Indices",split-array-by-prime-indices,false,Medium,60,3,Algorithms,49.4%,3618,false,Array;Math;Number Theory;,false,false,49.380882242804006,39559,80111
3823,"Count Islands With Total Value Divisible by K",count-islands-with-total-value-divisible-by-k,false,Medium,77,2,Algorithms,55.5%,3619,false,Array;Depth-First Search;Breadth-First Search;Union-Find;Matrix;,false,false,55.50953977052985,34447,62056
3919,"Network Recovery Pathways",network-recovery-pathways,false,Hard,462,27,Algorithms,50.4%,3620,false,Array;Binary Search;Dynamic Programming;Graph Theory;Topological Sort;Heap (Priority Queue);Shortest Path;,true,false,50.43796159108068,88850,176157
3937,"Number of Integers With Popcount-Depth Equal to K I",number-of-integers-with-popcount-depth-equal-to-k-i,false,Hard,56,5,Algorithms,22.8%,3621,false,Math;Dynamic Programming;Bit Manipulation;Combinatorics;,false,false,22.797089733225544,5076,22266
3918,"Check Divisibility by Digit Sum and Product",check-divisibility-by-digit-sum-and-product,false,Easy,286,7,Algorithms,74.5%,3622,false,Math;,true,false,74.51621837376386,228694,306905
3886,"Count Number of Trapezoids I",count-number-of-trapezoids-i,false,Medium,401,52,Algorithms,48.1%,3623,false,Array;Hash Table;Math;Geometry;,true,false,48.10647827010902,119979,249403
3941,"Number of Integers With Popcount-Depth Equal to K II",number-of-integers-with-popcount-depth-equal-to-k-ii,false,Hard,37,9,Algorithms,58.5%,3624,false,Array;Divide and Conquer;Binary Indexed Tree;Segment Tree;,false,false,58.54524950662532,20766,35470
3897,"Count Number of Trapezoids II",count-number-of-trapezoids-ii,false,Hard,265,98,Algorithms,39.7%,3625,false,Array;Hash Table;Math;Geometry;,true,false,39.72276178703867,58487,147238
3971,"Find Stores with Inventory Imbalance",find-stores-with-inventory-imbalance,false,Medium,54,10,Database,50.4%,3626,false,,false,false,50.42660767893822,12766,25316
3766,"Maximum Median Sum of Subsequences of Size 3",maximum-median-sum-of-subsequences-of-size-3,false,Medium,88,3,Algorithms,64.7%,3627,false,Array;Math;Greedy;Sorting;Game Theory;,false,false,64.69070630494751,65191,100775
3948,"Maximum Number of Subsequences After One Inserting",maximum-number-of-subsequences-after-one-inserting,false,Medium,151,5,Algorithms,32.1%,3628,false,String;Dynamic Programming;Greedy;Prefix Sum;,false,false,32.071970706382814,32495,101319
3933,"Minimum Jumps to Reach End via Prime Teleportation",minimum-jumps-to-reach-end-via-prime-teleportation,false,Medium,411,57,Algorithms,44.2%,3629,false,Array;Hash Table;Math;Breadth-First Search;Number Theory;,true,false,44.221122316992265,92648,209511
3882,"Partition Array for Maximum XOR and AND",partition-array-for-maximum-xor-and-and,false,Hard,34,9,Algorithms,17.9%,3630,false,Array;Math;Greedy;Bit Manipulation;Enumeration;,false,false,17.855151909318963,7687,43052
3969,"Sort Threats by Severity and Exploitability",sort-threats-by-severity-and-exploitability,true,Medium,5,1,Algorithms,63.8%,3631,true,Array;Sorting;,false,false,63.76681614349776,711,1115
3929,"Subarrays with XOR at Least K",subarrays-with-xor-at-least-k,true,Hard,4,2,Algorithms,46.3%,3632,true,Array;Bit Manipulation;Trie;Prefix Sum;,false,false,46.29878869448183,344,743
3965,"Earliest Finish Time for Land and Water Rides I",earliest-finish-time-for-land-and-water-rides-i,false,Easy,383,69,Algorithms,72.6%,3633,false,Array;Two Pointers;Binary Search;Greedy;Sorting;,true,false,72.62765080838408,153362,211162
3958,"Minimum Removals to Balance Array",minimum-removals-to-balance-array,false,Medium,627,28,Algorithms,47.7%,3634,false,Array;Binary Search;Sliding Window;Sorting;,true,false,47.663875822842456,149666,314003
3967,"Earliest Finish Time for Land and Water Rides II",earliest-finish-time-for-land-and-water-rides-ii,false,Medium,327,18,Algorithms,64.2%,3635,false,Array;Two Pointers;Binary Search;Greedy;Sorting;,true,false,64.16406520985085,110991,172980
3955,"Threshold Majority Queries",threshold-majority-queries,false,Hard,46,10,Algorithms,22.3%,3636,false,Array;Hash Table;Binary Search;Divide and Conquer;Counting;Prefix Sum;,false,false,22.293820006054577,5155,23123
3952,"Trionic Array I",trionic-array-i,false,Easy,478,42,Algorithms,49.4%,3637,false,Array;,true,false,49.420539356416796,201235,407189
3954,"Maximum Balanced Shipments",maximum-balanced-shipments,false,Medium,89,11,Algorithms,61.2%,3638,false,Array;Dynamic Programming;Stack;Greedy;Monotonic Stack;,false,false,61.186421814134675,54976,89850
3944,"Minimum Time to Activate String",minimum-time-to-activate-string,false,Medium,126,6,Algorithms,48.7%,3639,false,Array;Binary Search;,false,false,48.651169076902285,35997,73990
3956,"Trionic Array II",trionic-array-ii,false,Hard,396,39,Algorithms,47.1%,3640,false,Array;Dynamic Programming;,true,false,47.14074526639646,86416,183316
3992,"Longest Semi-Repeating Subarray",longest-semi-repeating-subarray,true,Medium,7,1,Algorithms,64.0%,3641,true,Array;Hash Table;Sliding Window;,false,false,64.01419158641663,1263,1973
3996,"Find Books with Polarized Opinions",find-books-with-polarized-opinions,false,Medium,56,14,Database,44.8%,3642,false,,false,false,44.823627958924085,14448,32233
3973,"Flip Square Submatrix Vertically",flip-square-submatrix-vertically,false,Easy,287,29,Algorithms,79.2%,3643,false,Array;Two Pointers;Matrix;,true,false,79.16399506781751,160505,202750
3950,"Maximum K to Sort a Permutation",maximum-k-to-sort-a-permutation,false,Medium,104,36,Algorithms,37.5%,3644,false,Array;Bit Manipulation;,false,false,37.461657706388735,34074,90957
3959,"Maximum Total from Optimal Activation Order",maximum-total-from-optimal-activation-order,false,Medium,82,56,Algorithms,33.2%,3645,false,Array;Two Pointers;Greedy;Sorting;Heap (Priority Queue);,false,false,33.20195093857423,18448,55563
3951,"Next Special Palindrome Number",next-special-palindrome-number,false,Hard,72,5,Algorithms,28.0%,3646,false,Backtracking;Bit Manipulation;,false,false,28.022177785857117,12332,44008
3987,"Maximum Weight in Two Bags",maximum-weight-in-two-bags,true,Medium,6,3,Algorithms,58.5%,3647,true,Array;Dynamic Programming;,false,false,58.455114822546975,840,1437
3945,"Minimum Sensors to Cover Grid",minimum-sensors-to-cover-grid,false,Medium,57,9,Algorithms,67.6%,3648,false,Math;,false,false,67.5723030518098,30467,45088
3963,"Number of Perfect Pairs",number-of-perfect-pairs,false,Medium,113,12,Algorithms,34.6%,3649,false,Array;Math;Two Pointers;Sorting;,false,false,34.570304175486946,24332,70386
3887,"Minimum Cost Path with Edge Reversals",minimum-cost-path-with-edge-reversals,false,Medium,473,25,Algorithms,61.5%,3650,false,Graph Theory;Heap (Priority Queue);Shortest Path;,true,false,61.52422917520608,108071,175656
3889,"Minimum Cost Path with Teleportations",minimum-cost-path-with-teleportations,false,Hard,435,34,Algorithms,45.0%,3651,false,Array;Dynamic Programming;Matrix;,true,false,45.013669877472445,67340,149599
3980,"Best Time to Buy and Sell Stock using Strategy",best-time-to-buy-and-sell-stock-using-strategy,false,Medium,368,43,Algorithms,59.4%,3652,false,Array;Sliding Window;Prefix Sum;,true,false,59.38688652671834,115536,194548
3974,"XOR After Range Multiplication Queries I",xor-after-range-multiplication-queries-i,false,Medium,244,120,Algorithms,72.9%,3653,false,Array;Divide and Conquer;Simulation;Prefix Sum;,true,false,72.90175098820504,137769,188979
3966,"Minimum Sum After Divisible Sum Deletions",minimum-sum-after-divisible-sum-deletions,false,Medium,160,13,Algorithms,45.8%,3654,false,Array;Hash Table;Dynamic Programming;Prefix Sum;,false,false,45.83707173162609,30142,65759
3975,"XOR After Range Multiplication Queries II",xor-after-range-multiplication-queries-ii,false,Hard,278,44,Algorithms,47.6%,3655,false,Array;Divide and Conquer;Prefix Sum;,true,false,47.564814131259105,70873,149003
4006,"Determine if a Simple Graph Exists",determine-if-a-simple-graph-exists,true,Medium,9,9,Algorithms,47.1%,3656,true,Array;Binary Search;Graph Theory;Sorting;Prefix Sum;,false,false,47.10900473933649,497,1055
4025,"Find Loyal Customers",find-loyal-customers,false,Medium,50,1,Database,62.7%,3657,false,,false,false,62.70428780889033,17532,27959
3995,"GCD of Odd and Even Sums",gcd-of-odd-and-even-sums,false,Easy,394,77,Algorithms,89.6%,3658,false,Math;Number Theory;,true,false,89.58136318502056,303126,338381
3979,"Partition Array Into K-Distinct Groups",partition-array-into-k-distinct-groups,false,Medium,120,73,Algorithms,46.9%,3659,false,Array;Hash Table;Counting;,false,false,46.911132584718935,56313,120042
3981,"Jump Game IX",jump-game-ix,false,Medium,463,38,Algorithms,46.3%,3660,false,Array;Dynamic Programming;,true,false,46.27886360758158,87704,189512
3982,"Maximum Walls Destroyed by Robots",maximum-walls-destroyed-by-robots,false,Hard,344,32,Algorithms,47.9%,3661,false,Array;Binary Search;Dynamic Programming;Sorting;,true,false,47.88192335555442,65434,136657
4017,"Filter Characters by Frequency",filter-characters-by-frequency,true,Easy,9,0,Algorithms,86.5%,3662,true,Hash Table;String;Counting;,false,false,86.53281096963761,1767,2042
3994,"Find The Least Frequent Digit",find-the-least-frequent-digit,false,Easy,59,2,Algorithms,68.9%,3663,false,Array;Hash Table;Math;Counting;,false,false,68.85396896282238,49338,71656
3877,"Two-Letter Card Game",two-letter-card-game,false,Medium,135,63,Algorithms,13.4%,3664,false,Array;Hash Table;String;Counting;Enumeration;,false,false,13.36563397116421,12523,93700
3938,"Twisted Mirror Path Count",twisted-mirror-path-count,false,Medium,86,6,Algorithms,47.7%,3665,false,Array;Dynamic Programming;Matrix;,false,false,47.7029329438968,15679,32868
3983,"Minimum Operations to Equalize Binary String",minimum-operations-to-equalize-binary-string,false,Hard,316,37,Algorithms,44.8%,3666,false,Math;String;Breadth-First Search;Union-Find;Ordered Set;,true,false,44.81446919454912,62911,140381
4029,"Sort Array By Absolute Value",sort-array-by-absolute-value,true,Easy,9,1,Algorithms,87.0%,3667,true,Array;Math;Two Pointers;Sorting;,false,false,86.96219035202087,2001,2301
4008,"Restore Finishing Order",restore-finishing-order,false,Easy,143,7,Algorithms,90.8%,3668,false,Array;Hash Table;,false,false,90.83391951150156,121384,133633
3947,"Balanced K-Factor Decomposition",balanced-k-factor-decomposition,false,Medium,126,12,Algorithms,40.3%,3669,false,Math;Backtracking;Number Theory;,false,false,40.252014569592305,28622,71107
3915,"Maximum Product of Two Integers With No Common Bits",maximum-product-of-two-integers-with-no-common-bits,false,Medium,109,21,Algorithms,15.4%,3670,false,Array;Dynamic Programming;Bit Manipulation;,false,false,15.360631104432757,12267,79860
3989,"Sum of Beautiful Subsequences",sum-of-beautiful-subsequences,false,Hard,39,5,Algorithms,31.3%,3671,false,Array;Math;Binary Indexed Tree;Number Theory;,false,false,31.268807248437554,9455,30240
4036,"Sum of Weighted Modes in Subarrays",sum-of-weighted-modes-in-subarrays,true,Medium,7,1,Algorithms,54.4%,3672,true,Array;Hash Table;Sliding Window;Counting;Ordered Set;,false,false,54.4415127528584,619,1137
4043,"Find Zombie Sessions",find-zombie-sessions,false,Hard,40,3,Database,50.4%,3673,false,,false,false,50.36536536536536,10063,19980
3998,"Minimum Operations to Equalize Array",minimum-operations-to-equalize-array,false,Easy,63,13,Algorithms,60.7%,3674,false,Array;Bit Manipulation;Brainteaser;,false,false,60.716316676489136,58723,96717
3999,"Minimum Operations to Transform String",minimum-operations-to-transform-string,false,Medium,75,8,Algorithms,61.5%,3675,false,String;Greedy;,false,false,61.48073281520464,52922,86079
4000,"Count Bowl Subarrays",count-bowl-subarrays,false,Medium,199,5,Algorithms,48.3%,3676,false,Array;Stack;Monotonic Stack;,false,false,48.28705373241976,32136,66552
4023,"Count Binary Palindromic Numbers",count-binary-palindromic-numbers,false,Hard,86,4,Algorithms,33.3%,3677,false,Math;Bit Manipulation;,false,false,33.26568747613977,16556,49769
4011,"Smallest Absent Positive Greater Than Average",smallest-absent-positive-greater-than-average,false,Easy,69,6,Algorithms,34.7%,3678,false,Array;Hash Table;,false,false,34.673871954362696,40359,116396
3953," Minimum Discards to Balance Inventory",minimum-discards-to-balance-inventory,false,Medium,88,18,Algorithms,35.5%,3679,false,Array;Hash Table;Sliding Window;Simulation;Counting;,false,false,35.45586824961143,21443,60478
3991,"Generate Schedule",generate-schedule,false,Medium,52,25,Algorithms,25.4%,3680,false,Array;Math;Greedy;,false,false,25.40668441289559,5154,20286
3990,"Maximum XOR of Subsequences",maximum-xor-of-subsequences,false,Hard,69,10,Algorithms,49.6%,3681,false,Array;Math;Greedy;Bit Manipulation;,false,false,49.62985074626866,8313,16750
4050,"Minimum Index Sum of Common Elements",minimum-index-sum-of-common-elements,true,Medium,6,1,Algorithms,77.4%,3682,true,Array;Hash Table;,false,false,77.41071428571429,867,1120
4012,"Earliest Time to Finish One Task",earliest-time-to-finish-one-task,false,Easy,58,5,Algorithms,84.3%,3683,false,Array;,false,false,84.28593070314022,77891,92413
3997,"Maximize Sum of At Most K Distinct Elements",maximize-sum-of-at-most-k-distinct-elements,false,Easy,61,4,Algorithms,76.8%,3684,false,Array;Hash Table;Greedy;Sorting;,false,false,76.80263378159701,68819,89605
3873,"Subsequence Sum After Capping Elements",subsequence-sum-after-capping-elements,false,Medium,168,16,Algorithms,25.4%,3685,false,Array;Two Pointers;Dynamic Programming;Sorting;,false,false,25.415762834417933,21090,82980
4027,"Number of Stable Subsequences",number-of-stable-subsequences,false,Hard,95,3,Algorithms,58.9%,3686,false,Array;Dynamic Programming;,false,false,58.92745646694263,25482,43243
4060,"Library Late Fee Calculator",library-late-fee-calculator,true,Easy,5,3,Algorithms,94.6%,3687,true,Array;Simulation;,false,false,94.5994277539342,2645,2796
4009,"Bitwise OR of Even Numbers in an Array",bitwise-or-of-even-numbers-in-an-array,false,Easy,47,4,Algorithms,84.9%,3688,false,Array;Bit Manipulation;Simulation;,false,false,84.85069113568959,79248,93397
4005,"Maximum Total Subarray Value I",maximum-total-subarray-value-i,false,Medium,291,93,Algorithms,71.7%,3689,false,Array;Greedy;,true,false,71.73601204161115,182533,254451
3928,"Split and Merge Array Transformation",split-and-merge-array-transformation,false,Medium,105,13,Algorithms,58.4%,3690,false,Array;Hash Table;Breadth-First Search;,false,false,58.37462834489594,25916,44396
4007,"Maximum Total Subarray Value II",maximum-total-subarray-value-ii,false,Hard,351,11,Algorithms,41.6%,3691,false,Array;Greedy;Segment Tree;Heap (Priority Queue);,true,false,41.626119650558444,75285,180860
4053,"Majority Frequency Characters",majority-frequency-characters,false,Easy,65,18,Algorithms,66.4%,3692,false,Hash Table;String;Counting;,false,false,66.37559784873682,33446,50389
4041,"Climbing Stairs II",climbing-stairs-ii,false,Medium,121,15,Algorithms,63.9%,3693,false,Array;Dynamic Programming;,false,false,63.894211086547124,39017,61065
4021,"Distinct Points Reachable After Substring Removal",distinct-points-reachable-after-substring-removal,false,Medium,68,1,Algorithms,53.5%,3694,false,Hash Table;String;Sliding Window;Prefix Sum;,false,false,53.50266654614481,17757,33189
4010,"Maximize Alternating Sum Using Swaps",maximize-alternating-sum-using-swaps,false,Hard,63,5,Algorithms,62.7%,3695,false,Array;Greedy;Union-Find;Sorting;,false,false,62.744241213558894,10051,16019
4066,"Maximum Distance Between Unequal Words in Array I",maximum-distance-between-unequal-words-in-array-i,true,Easy,6,1,Algorithms,81.5%,3696,true,Array;String;,false,false,81.53938665063139,1356,1663
4039,"Compute Decimal Representation",compute-decimal-representation,false,Easy,55,2,Algorithms,64.4%,3697,false,Array;Math;,false,false,64.38615737508727,64560,100270
4015,"Split Array With Minimum Difference",split-array-with-minimum-difference,false,Medium,105,16,Algorithms,33.3%,3698,false,Array;Prefix Sum;,false,false,33.316173384126785,42066,126263
3962,"Number of ZigZag Arrays I",number-of-zigzag-arrays-i,false,Hard,350,36,Algorithms,50.0%,3699,false,Dynamic Programming;Prefix Sum;,true,false,50.03624706908465,88345,176564
3964,"Number of ZigZag Arrays II",number-of-zigzag-arrays-ii,false,Hard,162,25,Algorithms,67.2%,3700,false,Math;Dynamic Programming;,true,false,67.19230451503942,73204,108947
